   ,合约,日期,前收盘价,前结算价,开盘价,最高价,最低价,收盘价,结算价,涨跌1,涨跌2,成交量,成交金额,持仓量
1,b1501,20150105,3634,3634,0,0,0,3634,3634,0,0,0,0,0
2,b1501,20150106,3634,3634,0,0,0,3634,3634,0,0,0,0,0
3,b1501,20150107,3634,3634,0,0,0,3634,3634,0,0,0,0,0
4,b1501,20150108,3634,3634,0,0,0,3634,3634,0,0,0,0,0
5,b1501,20150109,3634,3634,0,0,0,3634,3634,0,0,0,0,0
6,b1501,20150112,3634,3634,0,0,0,3634,3634,0,0,0,0,0
7,b1501,20150113,3634,3634,0,0,0,3634,3634,0,0,0,0,0
8,b1501,20150114,3634,3634,0,0,0,3634,3634,0,0,0,0,0
9,b1501,20150115,3634,3634,0,0,0,3634,3634,0,0,0,0,0
10,b1501,20150116,3634,3634,0,0,0,3634,3634,0,0,0,0,0
11,b1503,20150105,3189,3189,0,0,0,3189,3189,0,0,0,0,18
12,b1503,20150106,3189,3189,0,0,0,3189,3189,0,0,0,0,18
13,b1503,20150107,3189,3189,3316,3316,3298,3298,3307,109,118,4,132280,18
14,b1503,20150108,3298,3307,0,0,0,3320,3320,13,13,0,0,18
15,b1503,20150109,3320,3320,0,0,0,3320,3320,0,0,0,0,18
16,b1503,20150112,3320,3320,0,0,0,3320,3320,0,0,0,0,18
17,b1503,20150113,3320,3320,0,0,0,3320,3320,0,0,0,0,18
18,b1503,20150114,3320,3320,0,0,0,3320,3320,0,0,0,0,18
19,b1503,20150115,3320,3320,0,0,0,3320,3320,0,0,0,0,18
20,b1503,20150116,3320,3320,0,0,0,3320,3320,0,0,0,0,18
21,b1503,20150119,3320,3320,0,0,0,3320,3320,0,0,0,0,18
22,b1503,20150120,3320,3320,0,0,0,3320,3320,0,0,0,0,18
23,b1503,20150121,3320,3320,0,0,0,3320,3320,0,0,0,0,18
24,b1503,20150122,3320,3320,3281,3281,3281,3281,3281,-39,-39,2,65620,20
25,b1503,20150123,3281,3281,0,0,0,3281,3281,0,0,0,0,20
26,b1503,20150126,3281,3281,0,0,0,3281,3281,0,0,0,0,20
27,b1503,20150127,3281,3281,0,0,0,3281,3281,0,0,0,0,20
28,b1503,20150128,3281,3281,0,0,0,3281,3281,0,0,0,0,20
29,b1503,20150129,3281,3281,0,0,0,3281,3281,0,0,0,0,20
30,b1503,20150130,3281,3281,0,0,0,3281,3281,0,0,0,0,20
31,b1503,20150202,3281,3281,0,0,0,3281,3281,0,0,0,0,20
32,b1503,20150203,3281,3281,0,0,0,3281,3281,0,0,0,0,20
33,b1503,20150204,3281,3281,0,0,0,3281,3281,0,0,0,0,20
34,b1503,20150205,3281,3281,0,0,0,3281,3281,0,0,0,0,20
35,b1503,20150206,3281,3281,0,0,0,3281,3281,0,0,0,0,20
36,b1503,20150209,3281,3281,3250,3250,3250,3250,3250,-31,-31,2,65000,18
37,b1503,20150210,3250,3250,3250,3250,3250,3250,3250,0,0,2,65000,16
38,b1503,20150211,3250,3250,0,0,0,3250,3250,0,0,0,0,16
39,b1503,20150212,3250,3250,0,0,0,3250,3250,0,0,0,0,16
40,b1503,20150213,3250,3250,0,0,0,3250,3250,0,0,0,0,16
41,b1503,20150216,3250,3250,0,0,0,3250,3250,0,0,0,0,16
42,b1503,20150217,3250,3250,3120,3289,3120,3275,3201,25,-49,8,256100,12
43,b1503,20150225,3275,3201,3200,3200,3200,3200,3200,-1,-1,2,64000,10
44,b1503,20150226,3200,3200,3150,3150,3150,3150,3150,-50,-50,10,315000,0
45,b1503,20150227,3150,3150,0,0,0,3150,3150,0,0,0,0,0
46,b1503,20150302,3150,3150,0,0,0,3150,3150,0,0,0,0,0
47,b1503,20150303,3150,3150,0,0,0,3150,3150,0,0,0,0,0
48,b1503,20150304,3150,3150,0,0,0,3150,3150,0,0,0,0,0
49,b1503,20150305,3150,3150,0,0,0,3150,3150,0,0,0,0,0
50,b1503,20150306,3150,3150,0,0,0,3150,3150,0,0,0,0,0
51,b1503,20150309,3150,3150,0,0,0,3150,3150,0,0,0,0,0
52,b1503,20150310,3150,3150,0,0,0,3150,3150,0,0,0,0,0
53,b1503,20150311,3150,3150,0,0,0,3150,3150,0,0,0,0,0
54,b1503,20150312,3150,3150,0,0,0,3150,3150,0,0,0,0,0
55,b1503,20150313,3150,3150,0,0,0,3150,3150,0,0,0,0,0
56,b1505,20150105,3264,3260,3300,3300,3260,3260,3272,0,12,10,327200,322
57,b1505,20150106,3260,3272,3323,3324,3256,3265,3290,-7,18,16,526480,322
58,b1505,20150107,3265,3290,0,0,0,3290,3290,0,0,0,0,322
59,b1505,20150108,3290,3290,3290,3290,3290,3290,3290,0,0,4,131600,318
60,b1505,20150109,3290,3290,3310,3310,3252,3290,3282,0,-8,14,459480,320
61,b1505,20150112,3290,3282,0,0,0,3282,3282,0,0,0,0,320
62,b1505,20150113,3282,3282,3250,3280,3250,3254,3262,-28,-20,10,326260,318
63,b1505,20150114,3254,3262,3251,3252,3240,3240,3246,-22,-16,8,259680,310
64,b1505,20150115,3240,3246,3201,3248,3201,3248,3236,2,-10,8,258880,308
65,b1505,20150116,3248,3236,3242,3242,3200,3230,3224,-6,-12,100,3224860,334
66,b1505,20150119,3230,3224,3230,3235,3225,3225,3230,1,6,8,258400,342
67,b1505,20150120,3225,3230,3220,3220,3220,3220,3220,-10,-10,2,64400,344
68,b1505,20150121,3220,3220,3243,3243,3220,3220,3231,0,11,10,323120,346
69,b1505,20150122,3220,3231,3230,3230,3230,3230,3230,-1,-1,2,64600,344
70,b1505,20150123,3230,3230,0,0,0,3225,3225,-5,-5,0,0,344
71,b1505,20150126,3225,3225,0,0,0,3225,3225,0,0,0,0,344
72,b1505,20150127,3225,3225,3220,3220,3216,3216,3218,-9,-7,6,193100,342
73,b1505,20150128,3216,3218,3215,3215,3208,3208,3211,-10,-7,6,192660,338
74,b1505,20150129,3208,3211,3230,3230,3230,3230,3230,19,19,2,64600,336
75,b1505,20150130,3230,3230,3210,3213,3206,3208,3209,-22,-21,8,256740,336
76,b1505,20150202,3208,3209,3195,3195,3193,3193,3226,-16,17,6,193600,336
77,b1505,20150203,3193,3226,3171,3200,3171,3181,3187,-45,-39,10,318760,334
78,b1505,20150204,3181,3187,3195,3210,3195,3201,3203,14,16,14,448540,330
79,b1505,20150205,3201,3203,0,0,0,3203,3203,0,0,0,0,330
80,b1505,20150206,3203,3203,3225,3225,3200,3200,3208,-3,5,6,192520,330
81,b1505,20150209,3200,3208,0,0,0,3208,3208,0,0,0,0,330
82,b1505,20150210,3208,3208,3216,3216,3186,3205,3202,-3,-6,6,192140,324
83,b1505,20150211,3205,3202,3177,3210,3177,3200,3196,-2,-6,18,575320,320
84,b1505,20150212,3200,3196,0,0,0,3196,3196,0,0,0,0,320
85,b1505,20150213,3196,3196,3190,3205,3190,3205,3197,9,1,4,127900,316
86,b1505,20150216,3205,3197,0,0,0,3197,3197,0,0,0,0,316
87,b1505,20150217,3197,3197,3110,3189,3110,3189,3159,-8,-38,40,1263700,308
88,b1505,20150225,3189,3159,3198,3204,3166,3204,3191,45,32,14,446860,302
89,b1505,20150226,3204,3191,3186,3199,3176,3195,3187,4,-4,50,1593700,320
90,b1505,20150227,3195,3187,3194,3210,3181,3204,3196,17,9,42,1342640,314
91,b1505,20150302,3204,3196,3180,3270,3180,3209,3235,13,39,108,3494080,254
92,b1505,20150303,3209,3235,3200,3218,3195,3208,3204,-27,-31,18,576740,248
93,b1505,20150304,3208,3204,3195,3225,3195,3225,3216,21,12,44,1415260,266
94,b1505,20150305,3225,3216,3210,3215,3210,3213,3212,-3,-4,14,449780,256
95,b1505,20150306,3213,3212,3210,3212,3210,3212,3211,0,-1,6,192680,254
96,b1505,20150309,3212,3211,3210,3210,3210,3210,3210,-1,-1,4,128400,250
97,b1505,20150310,3210,3210,3205,3220,3205,3208,3210,-2,0,10,321060,248
98,b1505,20150311,3208,3210,3205,3225,3205,3225,3216,15,6,28,900600,246
99,b1505,20150312,3225,3216,3210,3220,3210,3215,3213,-1,-3,8,257100,242
100,b1505,20150313,3215,3213,3211,3215,3200,3215,3206,2,-7,32,1026000,230
101,b1505,20150316,3215,3206,3200,3200,3200,3200,3200,-6,-6,4,128000,226
102,b1505,20150317,3200,3200,3200,3200,3200,3200,3200,0,0,2,64000,224
103,b1505,20150318,3200,3200,3200,3210,3192,3192,3198,-8,-2,14,447820,228
104,b1505,20150319,3192,3198,3190,3194,3190,3194,3193,-4,-5,16,510960,230
105,b1505,20150320,3194,3193,3215,3215,3190,3205,3200,12,7,12,384000,236
106,b1505,20150323,3205,3200,3185,3205,3185,3205,3196,5,-4,6,191800,240
107,b1505,20150324,3205,3196,3200,3228,3200,3228,3209,32,13,12,385160,236
108,b1505,20150325,3228,3209,3187,3205,3187,3205,3196,-4,-13,4,127840,238
109,b1505,20150326,3205,3196,3201,3201,3201,3201,3201,5,5,2,64020,240
110,b1505,20150327,3201,3201,3209,3215,3209,3215,3213,14,12,10,321340,244
111,b1505,20150330,3215,3213,3203,3226,3203,3207,3213,-6,0,10,321360,242
112,b1505,20150331,3207,3213,3209,3229,3201,3205,3213,-8,0,22,707060,246
113,b1505,20150401,3205,3213,3224,3245,3179,3231,3226,18,13,64,2065020,242
114,b1505,20150402,3231,3226,3202,3239,3202,3239,3220,13,-6,4,128820,242
115,b1505,20150403,3239,3220,3202,3202,3202,3202,3202,-18,-18,2,64040,240
116,b1505,20150407,3202,3202,3204,3204,3204,3204,3204,2,2,2,64080,238
117,b1505,20150408,3204,3204,3235,3235,3180,3235,3220,31,16,8,257600,240
118,b1505,20150409,3235,3220,3215,3235,3202,3235,3210,15,-10,14,449480,228
119,b1505,20150410,3235,3210,3200,3245,3185,3223,3217,13,7,28,900840,210
120,b1505,20150413,3223,3217,3203,3205,3203,3205,3204,-12,-13,12,384480,198
121,b1505,20150414,3205,3204,3250,3260,3227,3227,3243,23,39,10,324380,188
122,b1505,20150415,3227,3243,3201,3275,3201,3230,3243,-13,0,16,518920,182
123,b1505,20150416,3230,3243,3231,3269,3231,3253,3253,10,10,66,2147060,120
124,b1505,20150417,3253,3253,0,0,0,3253,3253,0,0,0,0,120
125,b1505,20150420,3253,3253,3229,3229,3229,3229,3229,-24,-24,2,64580,118
126,b1505,20150421,3229,3229,3210,3280,3210,3280,3259,51,30,8,260780,116
127,b1505,20150422,3280,3259,0,0,0,3259,3259,0,0,0,0,116
128,b1505,20150423,3259,3259,0,0,0,3259,3259,0,0,0,0,116
129,b1505,20150424,3259,3259,0,0,0,3259,3259,0,0,0,0,116
130,b1505,20150427,3259,3259,0,0,0,3259,3259,0,0,0,0,116
131,b1505,20150428,3259,3259,3268,3285,3268,3285,3275,26,16,14,458580,104
132,b1505,20150429,3285,3275,3290,3305,3264,3300,3297,25,22,40,1319080,74
133,b1505,20150430,3300,3297,0,0,0,3297,3297,0,0,0,0,74
134,b1505,20150504,3297,3297,3100,3360,3100,3360,3273,63,-24,6,196400,68
135,b1505,20150505,3360,3273,0,0,0,3273,3273,0,0,0,0,68
136,b1505,20150506,3273,3273,3370,3390,3370,3390,3380,117,107,4,135200,64
137,b1505,20150507,3390,3380,3390,3390,3390,3390,3390,10,10,2,67800,62
138,b1505,20150508,3390,3390,3400,3400,3400,3400,3400,10,10,2,68000,60
139,b1505,20150511,3400,3400,3400,3450,3400,3450,3414,50,14,60,2048400,0
140,b1505,20150512,3450,3414,0,0,0,3414,3414,0,0,0,0,0
141,b1505,20150513,3414,3414,0,0,0,3414,3414,0,0,0,0,0
142,b1505,20150514,3414,3414,0,0,0,3414,3414,0,0,0,0,0
143,b1505,20150515,3414,3414,0,0,0,3399,3399,-15,-15,0,0,0
144,b1507,20150105,3284,3284,0,0,0,3296,3296,12,12,0,0,2
145,b1507,20150106,3296,3296,0,0,0,3314,3314,18,18,0,0,2
146,b1507,20150107,3314,3314,0,0,0,3314,3314,0,0,0,0,2
147,b1507,20150108,3314,3314,0,0,0,3314,3314,0,0,0,0,2
148,b1507,20150109,3314,3314,0,0,0,3306,3306,-8,-8,0,0,2
149,b1507,20150112,3306,3306,0,0,0,3306,3306,0,0,0,0,2
150,b1507,20150113,3306,3306,0,0,0,3286,3286,-20,-20,0,0,2
151,b1507,20150114,3286,3286,0,0,0,3270,3270,-16,-16,0,0,2
152,b1507,20150115,3270,3270,0,0,0,3270,3270,0,0,0,0,2
153,b1507,20150116,3270,3270,0,0,0,3258,3258,-12,-12,0,0,2
154,b1507,20150119,3258,3258,0,0,0,3258,3258,0,0,0,0,2
155,b1507,20150120,3258,3258,0,0,0,3248,3248,-10,-10,0,0,2
156,b1507,20150121,3248,3248,0,0,0,3248,3248,0,0,0,0,2
157,b1507,20150122,3248,3248,0,0,0,3248,3248,0,0,0,0,2
158,b1507,20150123,3248,3248,0,0,0,3248,3248,0,0,0,0,2
159,b1507,20150126,3248,3248,3377,3377,3369,3369,3373,121,125,4,134920,2
160,b1507,20150127,3369,3373,3240,3240,3239,3239,3239,-134,-134,4,129580,4
161,b1507,20150128,3239,3239,0,0,0,3239,3239,0,0,0,0,4
162,b1507,20150129,3239,3239,0,0,0,3239,3239,0,0,0,0,4
163,b1507,20150130,3239,3239,0,0,0,3218,3218,-21,-21,0,0,4
164,b1507,20150202,3218,3218,0,0,0,3218,3218,0,0,0,0,4
165,b1507,20150203,3218,3218,0,0,0,3218,3218,0,0,0,0,4
166,b1507,20150204,3218,3218,0,0,0,3218,3218,0,0,0,0,4
167,b1507,20150205,3218,3218,0,0,0,3218,3218,0,0,0,0,4
168,b1507,20150206,3218,3218,0,0,0,3218,3218,0,0,0,0,4
169,b1507,20150209,3218,3218,0,0,0,3218,3218,0,0,0,0,4
170,b1507,20150210,3218,3218,0,0,0,3218,3218,0,0,0,0,4
171,b1507,20150211,3218,3218,0,0,0,3218,3218,0,0,0,0,4
172,b1507,20150212,3218,3218,0,0,0,3218,3218,0,0,0,0,4
173,b1507,20150213,3218,3218,0,0,0,3218,3218,0,0,0,0,4
174,b1507,20150216,3218,3218,0,0,0,3218,3218,0,0,0,0,4
175,b1507,20150217,3218,3218,0,0,0,3218,3218,0,0,0,0,4
176,b1507,20150225,3218,3218,0,0,0,3218,3218,0,0,0,0,4
177,b1507,20150226,3218,3218,0,0,0,3218,3218,0,0,0,0,4
178,b1507,20150227,3218,3218,0,0,0,3227,3227,9,9,0,0,4
179,b1507,20150302,3227,3227,0,0,0,3227,3227,0,0,0,0,4
180,b1507,20150303,3227,3227,0,0,0,3227,3227,0,0,0,0,4
181,b1507,20150304,3227,3227,0,0,0,3239,3239,12,12,0,0,4
182,b1507,20150305,3239,3239,0,0,0,3239,3239,0,0,0,0,4
183,b1507,20150306,3239,3239,0,0,0,3238,3238,-1,-1,0,0,4
184,b1507,20150309,3238,3238,0,0,0,3237,3237,-1,-1,0,0,4
185,b1507,20150310,3237,3237,0,0,0,3237,3237,0,0,0,0,4
186,b1507,20150311,3237,3237,0,0,0,3237,3237,0,0,0,0,4
187,b1507,20150312,3237,3237,0,0,0,3237,3237,0,0,0,0,4
188,b1507,20150313,3237,3237,0,0,0,3237,3237,0,0,0,0,4
189,b1507,20150316,3237,3237,0,0,0,3231,3231,-6,-6,0,0,4
190,b1507,20150317,3231,3231,0,0,0,3231,3231,0,0,0,0,4
191,b1507,20150318,3231,3231,0,0,0,3229,3229,-2,-2,0,0,4
192,b1507,20150319,3229,3229,0,0,0,3229,3229,0,0,0,0,4
193,b1507,20150320,3229,3229,0,0,0,3229,3229,0,0,0,0,4
194,b1507,20150323,3229,3229,0,0,0,3225,3225,-4,-4,0,0,4
195,b1507,20150324,3225,3225,0,0,0,3238,3238,13,13,0,0,4
196,b1507,20150325,3238,3238,0,0,0,3238,3238,0,0,0,0,4
197,b1507,20150326,3238,3238,0,0,0,3238,3238,0,0,0,0,4
198,b1507,20150327,3238,3238,0,0,0,3250,3250,12,12,0,0,4
199,b1507,20150330,3250,3250,0,0,0,3250,3250,0,0,0,0,4
200,b1507,20150331,3250,3250,0,0,0,3250,3250,0,0,0,0,4
201,b1507,20150401,3250,3250,0,0,0,3263,3263,13,13,0,0,4
202,b1507,20150402,3263,3263,0,0,0,3257,3257,-6,-6,0,0,4
203,b1507,20150403,3257,3257,0,0,0,3239,3239,-18,-18,0,0,4
204,b1507,20150407,3239,3239,0,0,0,3241,3241,2,2,0,0,4
205,b1507,20150408,3241,3241,0,0,0,3257,3257,16,16,0,0,4
206,b1507,20150409,3257,3257,0,0,0,3257,3257,0,0,0,0,4
207,b1507,20150410,3257,3257,0,0,0,3264,3264,7,7,0,0,4
208,b1507,20150413,3264,3264,3350,3350,3140,3140,3245,-124,-19,4,129800,4
209,b1507,20150414,3140,3245,0,0,0,3284,3284,39,39,0,0,4
210,b1507,20150415,3284,3284,0,0,0,3284,3284,0,0,0,0,4
211,b1507,20150416,3284,3284,0,0,0,3294,3294,10,10,0,0,4
212,b1507,20150417,3294,3294,0,0,0,3294,3294,0,0,0,0,4
213,b1507,20150420,3294,3294,0,0,0,3270,3270,-24,-24,0,0,4
214,b1507,20150421,3270,3270,0,0,0,3300,3300,30,30,0,0,4
215,b1507,20150422,3300,3300,0,0,0,3300,3300,0,0,0,0,4
216,b1507,20150423,3300,3300,0,0,0,3300,3300,0,0,0,0,4
217,b1507,20150424,3300,3300,0,0,0,3300,3300,0,0,0,0,4
218,b1507,20150427,3300,3300,0,0,0,3300,3300,0,0,0,0,4
219,b1507,20150428,3300,3300,0,0,0,3316,3316,16,16,0,0,4
220,b1507,20150429,3316,3316,0,0,0,3338,3338,22,22,0,0,4
221,b1507,20150430,3338,3338,0,0,0,3338,3338,0,0,0,0,4
222,b1507,20150504,3338,3338,0,0,0,3314,3314,-24,-24,0,0,4
223,b1507,20150505,3314,3314,0,0,0,3314,3314,0,0,0,0,4
224,b1507,20150506,3314,3314,3390,3390,3280,3280,3335,-34,21,40,1334000,4
225,b1507,20150507,3280,3335,0,0,0,3344,3344,9,9,0,0,4
226,b1507,20150508,3344,3344,3329,3329,3211,3211,3242,-133,-102,8,259420,10
227,b1507,20150511,3211,3242,3244,3244,3206,3206,3225,-36,-17,8,258000,14
228,b1507,20150512,3206,3225,3180,3180,3180,3180,3180,-45,-45,2,63600,14
229,b1507,20150513,3180,3180,3053,3100,3053,3094,3084,-86,-96,18,555140,28
230,b1507,20150514,3094,3084,0,0,0,3084,3084,0,0,0,0,28
231,b1507,20150515,3084,3084,0,0,0,3084,3084,0,0,0,0,28
232,b1507,20150518,3084,3084,0,0,0,3084,3084,0,0,0,0,28
233,b1507,20150519,3084,3084,0,0,0,3079,3079,-5,-5,0,0,28
234,b1507,20150520,3079,3079,0,0,0,3078,3078,-1,-1,0,0,28
235,b1507,20150521,3078,3078,0,0,0,3078,3078,0,0,0,0,28
236,b1507,20150522,3078,3078,0,0,0,3078,3078,0,0,0,0,28
237,b1507,20150525,3078,3078,2955,2955,2955,2955,2955,-123,-123,8,236400,32
238,b1507,20150526,2955,2955,2910,2950,2841,2863,2899,-92,-56,14,405880,34
239,b1507,20150527,2863,2899,2874,2900,2874,2880,2884,-19,-15,6,173080,30
240,b1507,20150528,2880,2884,0,0,0,2900,2900,16,16,0,0,30
241,b1507,20150529,2900,2900,2950,2950,2950,2950,2950,50,50,6,177000,32
242,b1507,20150601,2950,2950,2910,2910,2910,2910,2910,-40,-40,20,582000,52
243,b1507,20150602,2910,2910,2949,2949,2949,2949,2949,39,39,2,58980,52
244,b1507,20150603,2949,2949,2890,2954,2890,2954,2906,5,-43,16,464960,40
245,b1507,20150604,2954,2906,2920,2920,2920,2920,2920,14,14,4,116800,36
246,b1507,20150605,2920,2920,2975,2975,2851,2920,2887,0,-33,20,577500,30
247,b1507,20150608,2920,2887,2967,2967,2910,2910,2938,23,51,4,117540,26
248,b1507,20150609,2910,2938,2920,2920,2920,2920,2920,-18,-18,2,58400,24
249,b1507,20150610,2920,2920,0,0,0,2920,2920,0,0,0,0,24
250,b1507,20150611,2920,2920,2960,2982,2926,2982,2957,62,37,8,236580,18
251,b1507,20150612,2982,2957,2910,2981,2910,2981,2957,24,0,6,177420,16
252,b1507,20150615,2981,2957,2945,2991,2945,2991,2975,34,18,6,178500,12
253,b1507,20150616,2991,2975,0,0,0,2975,2975,0,0,0,0,12
254,b1507,20150617,2975,2975,0,0,0,2975,2975,0,0,0,0,12
255,b1507,20150618,2975,2975,3000,3000,3000,3000,3000,25,25,2,60000,10
256,b1507,20150619,3000,3000,0,0,0,3003,3003,3,3,0,0,10
257,b1507,20150623,3003,3003,3095,3095,3095,3095,3095,92,92,2,61900,8
258,b1507,20150624,3095,3095,0,0,0,3095,3095,0,0,0,0,8
259,b1507,20150625,3095,3095,0,0,0,3115,3115,20,20,0,0,8
260,b1507,20150626,3115,3115,3200,3200,3200,3200,3200,85,85,2,64000,6
261,b1507,20150629,3200,3200,0,0,0,3200,3200,0,0,0,0,6
262,b1507,20150630,3200,3200,0,0,0,3200,3200,0,0,0,0,6
263,b1507,20150701,3200,3200,0,0,0,3200,3200,0,0,0,0,6
264,b1507,20150702,3200,3200,3200,3200,3200,3200,3200,0,0,4,128000,2
265,b1507,20150703,3200,3200,0,0,0,3200,3200,0,0,0,0,2
266,b1507,20150706,3200,3200,0,0,0,3200,3200,0,0,0,0,2
267,b1507,20150707,3200,3200,0,0,0,3200,3200,0,0,0,0,2
268,b1507,20150708,3200,3200,0,0,0,3200,3200,0,0,0,0,2
269,b1507,20150709,3200,3200,0,0,0,3200,3200,0,0,0,0,2
270,b1507,20150710,3200,3200,0,0,0,3200,3200,0,0,0,0,2
271,b1507,20150713,3200,3200,0,0,0,3200,3200,0,0,0,0,2
272,b1507,20150714,3200,3200,0,0,0,3200,3200,0,0,2,64000,0
273,b1509,20150105,3280,3275,0,0,0,3275,3275,0,0,0,0,16
274,b1509,20150106,3275,3275,0,0,0,3275,3275,0,0,0,0,16
275,b1509,20150107,3275,3275,3349,3349,3261,3276,3306,1,31,8,264540,16
276,b1509,20150108,3276,3306,3310,3310,3293,3293,3304,-13,-2,6,198260,20
277,b1509,20150109,3293,3304,3304,3304,3285,3285,3293,-19,-11,6,197620,22
278,b1509,20150112,3285,3293,3349,3349,3301,3301,3325,8,32,4,133000,22
279,b1509,20150113,3301,3325,0,0,0,3314,3314,-11,-11,0,0,22
280,b1509,20150114,3314,3314,0,0,0,3304,3304,-10,-10,0,0,22
281,b1509,20150115,3304,3304,0,0,0,3304,3304,0,0,0,0,22
282,b1509,20150116,3304,3304,0,0,0,3300,3300,-4,-4,0,0,22
283,b1509,20150119,3300,3300,0,0,0,3280,3280,-20,-20,0,0,22
284,b1509,20150120,3280,3280,3254,3254,3254,3254,3254,-26,-26,2,65080,22
285,b1509,20150121,3254,3254,0,0,0,3254,3254,0,0,0,0,22
286,b1509,20150122,3254,3254,0,0,0,3254,3254,0,0,0,0,22
287,b1509,20150123,3254,3254,0,0,0,3254,3254,0,0,0,0,22
288,b1509,20150126,3254,3254,0,0,0,3254,3254,0,0,0,0,22
289,b1509,20150127,3254,3254,3251,3251,3230,3230,3243,-24,-11,6,194620,24
290,b1509,20150128,3230,3243,0,0,0,3243,3243,0,0,0,0,24
291,b1509,20150129,3243,3243,0,0,0,3243,3243,0,0,0,0,24
292,b1509,20150130,3243,3243,0,0,0,3243,3243,0,0,0,0,24
293,b1509,20150202,3243,3243,3325,3325,3220,3220,3262,-23,19,6,195760,26
294,b1509,20150203,3220,3262,3245,3245,3200,3200,3211,-62,-51,14,449620,30
295,b1509,20150204,3200,3211,0,0,0,3211,3211,0,0,0,0,30
296,b1509,20150205,3211,3211,0,0,0,3211,3211,0,0,0,0,30
297,b1509,20150206,3211,3211,3202,3203,3200,3200,3201,-11,-10,8,256140,36
298,b1509,20150209,3200,3201,0,0,0,3201,3201,0,0,0,0,36
299,b1509,20150210,3201,3201,0,0,0,3201,3201,0,0,0,0,36
300,b1509,20150211,3201,3201,0,0,0,3201,3201,0,0,0,0,36
301,b1509,20150212,3201,3201,3195,3205,3190,3205,3196,4,-5,6,191800,36
302,b1509,20150213,3205,3196,3187,3210,3187,3210,3198,14,2,4,127940,36
303,b1509,20150216,3210,3198,0,0,0,3198,3198,0,0,0,0,36
304,b1509,20150217,3198,3198,0,0,0,3198,3198,0,0,0,0,36
305,b1509,20150225,3198,3198,0,0,0,3198,3198,0,0,0,0,36
306,b1509,20150226,3198,3198,0,0,0,3198,3198,0,0,0,0,36
307,b1509,20150227,3198,3198,3224,3224,3200,3203,3208,5,10,40,1283360,64
308,b1509,20150302,3203,3208,3225,3270,3201,3201,3222,-7,14,78,2513500,116
309,b1509,20150303,3201,3222,3220,3220,3200,3200,3206,-22,-16,10,320680,122
310,b1509,20150304,3200,3206,3230,3230,3205,3206,3211,0,5,48,1541680,154
311,b1509,20150305,3206,3211,3205,3215,3205,3215,3210,4,-1,8,256820,156
312,b1509,20150306,3215,3210,0,0,0,3210,3210,0,0,0,0,156
313,b1509,20150309,3210,3210,0,0,0,3210,3210,0,0,0,0,156
314,b1509,20150310,3210,3210,3224,3224,3200,3200,3208,-10,-2,6,192500,160
315,b1509,20150311,3200,3208,3220,3220,3206,3206,3216,-2,8,36,1157800,186
316,b1509,20150312,3206,3216,0,0,0,3210,3210,-6,-6,0,0,186
317,b1509,20150313,3210,3210,0,0,0,3210,3210,0,0,0,0,186
318,b1509,20150316,3210,3210,3181,3181,3180,3180,3180,-30,-30,4,127220,190
319,b1509,20150317,3180,3180,3180,3180,3180,3180,3180,0,0,4,127200,194
320,b1509,20150318,3180,3180,0,0,0,3180,3180,0,0,0,0,194
321,b1509,20150319,3180,3180,0,0,0,3180,3180,0,0,0,0,194
322,b1509,20150320,3180,3180,0,0,0,3180,3180,0,0,0,0,194
323,b1509,20150323,3180,3180,0,0,0,3180,3180,0,0,0,0,194
324,b1509,20150324,3180,3180,3209,3219,3205,3219,3211,39,31,34,1091920,194
325,b1509,20150325,3219,3211,3203,3203,3202,3202,3202,-9,-9,4,128100,198
326,b1509,20150326,3202,3202,0,0,0,3202,3202,0,0,0,0,198
327,b1509,20150327,3202,3202,3216,3216,3190,3190,3203,-12,1,4,128120,198
328,b1509,20150330,3190,3203,0,0,0,3203,3203,0,0,0,0,198
329,b1509,20150331,3203,3203,3175,3175,3151,3151,3158,-52,-45,18,568560,216
330,b1509,20150401,3151,3158,3199,3199,3150,3170,3175,12,17,44,1397280,238
331,b1509,20150402,3170,3175,3208,3208,3175,3175,3191,0,16,12,382980,238
332,b1509,20150403,3175,3191,3155,3155,3155,3155,3155,-36,-36,2,63100,238
333,b1509,20150407,3155,3155,3170,3170,3170,3170,3170,15,15,2,63400,238
334,b1509,20150408,3170,3170,3150,3150,3150,3150,3150,-20,-20,4,126000,242
335,b1509,20150409,3150,3150,3160,3160,3136,3160,3154,10,4,8,252320,248
336,b1509,20150410,3160,3154,3115,3115,3111,3111,3111,-43,-43,18,560140,266
337,b1509,20150413,3111,3111,3149,3149,3080,3110,3116,-1,5,14,436340,274
338,b1509,20150414,3110,3116,3120,3131,3017,3105,3101,-11,-15,70,2171100,290
339,b1509,20150415,3105,3101,3045,3108,3045,3090,3098,-11,-3,24,743700,290
340,b1509,20150416,3090,3098,3107,3125,3090,3100,3104,2,6,44,1366040,312
341,b1509,20150417,3100,3104,3112,3112,3086,3100,3096,-4,-8,12,371620,314
342,b1509,20150420,3100,3096,3051,3090,3051,3090,3076,-6,-20,26,799780,314
343,b1509,20150421,3090,3076,3099,3125,3099,3110,3116,34,40,44,1371360,342
344,b1509,20150422,3110,3116,3115,3138,3096,3105,3116,-11,0,40,1246700,356
345,b1509,20150423,3105,3116,3115,3116,3098,3106,3107,-10,-9,38,1181000,356
346,b1509,20150424,3106,3107,3117,3125,3102,3105,3112,-2,5,76,2365300,362
347,b1509,20150427,3105,3112,3111,3111,3101,3105,3105,-7,-7,60,1863540,402
348,b1509,20150428,3105,3105,3109,3114,3103,3103,3109,-2,4,62,1928060,422
349,b1509,20150429,3103,3109,3111,3122,3075,3075,3099,-34,-10,64,1983800,422
350,b1509,20150430,3075,3099,3104,3125,3104,3111,3115,12,16,58,1806800,462
351,b1509,20150504,3111,3115,3100,3105,3092,3100,3099,-15,-16,46,1425900,500
352,b1509,20150505,3100,3099,3107,3114,3099,3100,3104,1,5,74,2297260,544
353,b1509,20150506,3100,3104,3106,3110,3100,3100,3102,-4,-2,168,5211780,668
354,b1509,20150507,3100,3102,3103,3114,3075,3090,3101,-12,-1,142,4403460,704
355,b1509,20150508,3090,3101,3100,3100,3080,3093,3088,-8,-13,42,1296980,706
356,b1509,20150511,3093,3088,3089,3110,3080,3100,3096,12,8,114,3530500,722
357,b1509,20150512,3100,3096,3096,3102,3090,3091,3094,-5,-2,90,2784960,736
358,b1509,20150513,3091,3094,3096,3098,3090,3094,3093,0,-1,34,1051720,742
359,b1509,20150514,3094,3093,3087,3092,3085,3085,3087,-8,-6,16,494020,738
360,b1509,20150515,3085,3087,3090,3095,3090,3095,3092,8,5,6,185560,738
361,b1509,20150518,3095,3092,3096,3096,3081,3081,3087,-11,-5,16,493960,744
362,b1509,20150519,3081,3087,3092,3093,3092,3092,3092,5,5,6,185540,744
363,b1509,20150520,3092,3092,3055,3085,3000,3025,3040,-67,-52,58,1763380,744
364,b1509,20150521,3025,3040,3020,3020,2952,2999,2988,-41,-52,122,3645700,750
365,b1509,20150522,2999,2988,3000,3050,2970,3005,2988,17,0,142,4244040,720
366,b1509,20150525,3005,2988,3013,3013,2915,2947,2956,-41,-32,102,3015620,778
367,b1509,20150526,2947,2956,2949,2965,2930,2945,2954,-11,-2,116,3426880,818
368,b1509,20150527,2945,2954,2974,2974,2926,2950,2949,-4,-5,130,3833940,864
369,b1509,20150528,2950,2949,2940,2964,2940,2950,2951,1,2,98,2892820,904
370,b1509,20150529,2950,2951,2957,2957,2940,2952,2949,1,-2,38,1120640,914
371,b1509,20150601,2952,2949,2965,2965,2945,2950,2950,1,1,112,3304400,974
372,b1509,20150602,2950,2950,2935,2949,2935,2942,2942,-8,-8,56,1647540,974
373,b1509,20150603,2942,2942,2944,2959,2935,2955,2949,13,7,206,6075320,994
374,b1509,20150604,2955,2949,2952,2957,2946,2951,2950,2,1,44,1298100,990
375,b1509,20150605,2951,2950,2969,2969,2950,2950,2955,0,5,32,945660,976
376,b1509,20150608,2950,2955,2955,2955,2949,2949,2951,-6,-4,54,1594020,984
377,b1509,20150609,2949,2951,2958,3020,2958,2974,2981,23,30,102,3040880,1006
378,b1509,20150610,2974,2981,2970,2970,2959,2959,2965,-22,-16,22,652380,1002
379,b1509,20150611,2959,2965,2979,2980,2956,2963,2966,-2,1,34,1008560,1006
380,b1509,20150612,2963,2966,2977,2977,2944,2946,2947,-20,-19,34,1002180,1008
381,b1509,20150615,2946,2947,2947,2955,2936,2936,2944,-11,-3,20,588960,1012
382,b1509,20150616,2936,2944,2948,2950,2937,2949,2946,5,2,18,530300,1012
383,b1509,20150617,2949,2946,2954,2956,2926,2947,2949,1,3,36,1061640,1012
384,b1509,20150618,2947,2949,2994,2994,2947,2955,2956,6,7,36,1064280,1012
385,b1509,20150619,2955,2956,2946,2953,2946,2952,2949,-4,-7,18,530820,1012
386,b1509,20150623,2952,2949,2960,2972,2952,2960,2962,11,13,26,770300,1010
387,b1509,20150624,2960,2962,2958,2963,2950,2954,2954,-8,-8,48,1418020,1014
388,b1509,20150625,2954,2954,2955,2955,2946,2955,2951,1,-3,8,236080,1014
389,b1509,20150626,2955,2951,2960,2960,2945,2945,2954,-6,3,64,1891060,1014
390,b1509,20150629,2945,2954,2955,2955,2940,2940,2948,-14,-6,28,825660,1018
391,b1509,20150630,2940,2948,2900,2931,2900,2904,2911,-44,-37,100,2911820,1016
392,b1509,20150701,2904,2911,2885,2950,2885,2941,2928,30,17,130,3807520,1036
393,b1509,20150702,2941,2928,2939,2939,2911,2930,2920,2,-8,180,5257020,1012
394,b1509,20150703,2930,2920,2935,2960,2926,2940,2949,20,29,98,2890340,1012
395,b1509,20150706,2940,2949,2940,2950,2920,2933,2933,-16,-16,44,1290760,1010
396,b1509,20150707,2933,2933,2907,2925,2816,2890,2904,-43,-29,160,4647680,1004
397,b1509,20150708,2890,2904,2915,2915,2788,2788,2800,-116,-104,288,8064360,818
398,b1509,20150709,2788,2800,2700,2900,2688,2836,2762,36,-38,266,7349180,728
399,b1509,20150710,2836,2762,2849,2872,2847,2872,2862,110,100,76,2175300,712
400,b1509,20150713,2872,2862,2897,2900,2812,2875,2860,13,-2,110,3146380,692
401,b1509,20150714,2875,2860,2870,2911,2870,2911,2898,51,38,106,3072880,684
402,b1509,20150715,2911,2898,2900,2910,2900,2900,2903,2,5,46,1335540,690
403,b1509,20150716,2900,2903,2913,2913,2900,2910,2908,7,5,22,639820,686
404,b1509,20150717,2910,2908,2880,2905,2878,2905,2894,-3,-14,10,289420,682
405,b1509,20150720,2905,2894,2895,2910,2891,2897,2901,3,7,32,928420,682
406,b1509,20150721,2897,2901,2907,2908,2900,2907,2905,6,4,20,581160,670
407,b1509,20150722,2907,2905,2891,2891,2891,2891,2891,-14,-14,2,57820,670
408,b1509,20150723,2891,2891,2908,2909,2887,2887,2901,-4,10,6,174080,672
409,b1509,20150724,2887,2901,2888,2888,2888,2888,2888,-13,-13,10,288800,672
410,b1509,20150727,2888,2888,2888,2905,2886,2905,2893,17,5,6,173580,672
411,b1509,20150728,2905,2893,2905,2905,2881,2881,2893,-12,0,4,115720,674
412,b1509,20150729,2881,2893,2893,2893,2882,2892,2888,-1,-5,24,693280,662
413,b1509,20150730,2892,2888,2898,2910,2882,2882,2902,-6,14,52,1509400,660
414,b1509,20150731,2882,2902,2910,2910,2890,2890,2897,-12,-5,8,231800,662
415,b1509,20150803,2890,2897,2876,2898,2800,2898,2889,1,-8,70,2022500,616
416,b1509,20150804,2898,2889,2883,2899,2883,2899,2892,10,3,72,2082580,572
417,b1509,20150805,2899,2892,2892,2900,2890,2892,2895,0,3,114,3300360,510
418,b1509,20150806,2892,2895,2918,2918,2891,2900,2896,5,1,238,6893180,388
419,b1509,20150807,2900,2896,2905,2908,2895,2899,2900,3,4,46,1334400,362
420,b1509,20150810,2899,2900,2912,2944,2912,2926,2927,26,27,6,175640,362
421,b1509,20150811,2926,2927,2922,2933,2922,2933,2926,6,-1,10,292640,362
422,b1509,20150812,2933,2926,2901,2920,2901,2905,2906,-21,-20,16,465040,350
423,b1509,20150813,2905,2906,2850,2906,2850,2899,2893,-7,-13,12,347220,344
424,b1509,20150814,2899,2893,2895,2903,2890,2903,2896,10,3,22,637180,336
425,b1509,20150817,2903,2896,2890,2904,2890,2898,2896,2,0,16,463440,332
426,b1509,20150818,2898,2896,2909,2909,2896,2909,2905,13,9,120,3486320,290
427,b1509,20150819,2909,2905,2905,2905,2900,2901,2901,-4,-4,20,580280,276
428,b1509,20150820,2901,2901,2920,2920,2900,2910,2905,9,4,16,464880,270
429,b1509,20150821,2910,2905,2929,2930,2789,2898,2871,-7,-34,96,2756720,218
430,b1509,20150824,2898,2871,2978,2978,2870,2880,2886,9,15,56,1616480,180
431,b1509,20150825,2880,2886,2950,2950,2881,2900,2919,14,33,22,642320,178
432,b1509,20150826,2900,2919,2900,2930,2887,2919,2910,0,-9,56,1629940,146
433,b1509,20150827,2919,2910,2918,2929,2918,2929,2921,19,11,20,584280,132
434,b1509,20150828,2929,2921,2950,2950,2905,2905,2917,-16,-4,24,700280,118
435,b1509,20150831,2905,2917,2904,2948,2900,2948,2911,31,-6,56,1630620,74
436,b1509,20150901,2948,2911,2905,2905,2905,2905,2905,-6,-6,6,174300,68
437,b1509,20150902,2905,2905,2906,2906,2903,2905,2904,0,-1,18,522840,52
438,b1509,20150907,2905,2904,2905,2905,2905,2905,2905,1,1,10,290500,42
439,b1509,20150908,2905,2905,2920,2920,2920,2920,2920,15,15,2,58400,40
440,b1509,20150909,2920,2920,0,0,0,2920,2920,0,0,0,0,40
441,b1509,20150910,2920,2920,0,0,0,2920,2920,0,0,0,0,40
442,b1509,20150911,2920,2920,0,0,0,2920,2920,0,0,0,0,40
443,b1509,20150914,2920,2920,0,0,0,3000,3000,80,80,0,0,40
444,b1509,20150915,3000,3000,3008,3180,3008,3180,3093,180,93,30,927920,10
445,b1509,20150916,3180,3093,3250,3250,3250,3250,3024,157,-69,10,325000,0
446,b1511,20150105,3300,3300,0,0,0,3300,3300,0,0,0,0,8
447,b1511,20150106,3300,3300,0,0,0,3318,3318,18,18,0,0,8
448,b1511,20150107,3318,3318,3260,3290,3260,3290,3266,-28,-52,10,326600,6
449,b1511,20150108,3290,3266,0,0,0,3266,3266,0,0,0,0,6
450,b1511,20150109,3266,3266,3266,3266,3266,3266,3266,0,0,2,65320,4
451,b1511,20150112,3266,3266,0,0,0,3292,3292,26,26,0,0,4
452,b1511,20150113,3292,3292,0,0,0,3292,3292,0,0,0,0,4
453,b1511,20150114,3292,3292,0,0,0,3292,3292,0,0,0,0,4
454,b1511,20150115,3292,3292,0,0,0,3292,3292,0,0,0,0,4
455,b1511,20150116,3292,3292,0,0,0,3290,3290,-2,-2,0,0,4
456,b1511,20150119,3290,3290,0,0,0,3290,3290,0,0,0,0,4
457,b1511,20150120,3290,3290,0,0,0,3290,3290,0,0,0,0,4
458,b1511,20150121,3290,3290,0,0,0,3290,3290,0,0,0,0,4
459,b1511,20150122,3290,3290,3280,3339,3280,3339,3309,49,19,4,132380,4
460,b1511,20150123,3339,3309,0,0,0,3280,3280,-29,-29,0,0,4
461,b1511,20150126,3280,3280,3399,3399,3290,3290,3329,10,49,6,199760,6
462,b1511,20150127,3290,3329,0,0,0,3298,3298,-31,-31,0,0,6
463,b1511,20150128,3298,3298,0,0,0,3270,3270,-28,-28,0,0,6
464,b1511,20150129,3270,3270,0,0,0,3260,3260,-10,-10,0,0,6
465,b1511,20150130,3260,3260,0,0,0,3260,3260,0,0,0,0,6
466,b1511,20150202,3260,3260,0,0,0,3260,3260,0,0,0,0,6
467,b1511,20150203,3260,3260,0,0,0,3240,3240,-20,-20,0,0,6
468,b1511,20150204,3240,3240,3230,3230,3212,3212,3224,-28,-16,6,193440,8
469,b1511,20150205,3212,3224,0,0,0,3224,3224,0,0,0,0,8
470,b1511,20150206,3224,3224,0,0,0,3224,3224,0,0,0,0,8
471,b1511,20150209,3224,3224,0,0,0,3224,3224,0,0,0,0,8
472,b1511,20150210,3224,3224,0,0,0,3224,3224,0,0,0,0,8
473,b1511,20150211,3224,3224,0,0,0,3224,3224,0,0,0,0,8
474,b1511,20150212,3224,3224,0,0,0,3224,3224,0,0,0,0,8
475,b1511,20150213,3224,3224,3326,3326,3326,3326,3326,102,102,2,66520,8
476,b1511,20150216,3326,3326,0,0,0,3250,3250,-76,-76,0,0,8
477,b1511,20150217,3250,3250,0,0,0,3210,3210,-40,-40,0,0,8
478,b1511,20150225,3210,3210,0,0,0,3210,3210,0,0,0,0,8
479,b1511,20150226,3210,3210,0,0,0,3210,3210,0,0,0,0,8
480,b1511,20150227,3210,3210,0,0,0,3210,3210,0,0,0,0,8
481,b1511,20150302,3210,3210,0,0,0,3212,3212,2,2,0,0,8
482,b1511,20150303,3212,3212,0,0,0,3212,3212,0,0,0,0,8
483,b1511,20150304,3212,3212,0,0,0,3212,3212,0,0,0,0,8
484,b1511,20150305,3212,3212,3200,3230,3200,3230,3215,18,3,4,128600,10
485,b1511,20150306,3230,3215,0,0,0,3215,3215,0,0,0,0,10
486,b1511,20150309,3215,3215,0,0,0,3215,3215,0,0,0,0,10
487,b1511,20150310,3215,3215,0,0,0,3215,3215,0,0,0,0,10
488,b1511,20150311,3215,3215,3249,3249,3249,3249,3249,34,34,2,64980,10
489,b1511,20150312,3249,3249,0,0,0,3249,3249,0,0,0,0,10
490,b1511,20150313,3249,3249,0,0,0,3249,3249,0,0,0,0,10
491,b1511,20150316,3249,3249,0,0,0,3249,3249,0,0,0,0,10
492,b1511,20150317,3249,3249,0,0,0,3249,3249,0,0,0,0,10
493,b1511,20150318,3249,3249,0,0,0,3247,3247,-2,-2,0,0,10
494,b1511,20150319,3247,3247,0,0,0,3247,3247,0,0,0,0,10
495,b1511,20150320,3247,3247,0,0,0,3247,3247,0,0,0,0,10
496,b1511,20150323,3247,3247,0,0,0,3235,3235,-12,-12,0,0,10
497,b1511,20150324,3235,3235,3230,3230,3230,3230,3230,-5,-5,2,64600,8
498,b1511,20150325,3230,3230,0,0,0,3230,3230,0,0,0,0,8
499,b1511,20150326,3230,3230,0,0,0,3230,3230,0,0,0,0,8
500,b1511,20150327,3230,3230,3270,3270,3270,3270,3270,40,40,2,65400,8
501,b1511,20150330,3270,3270,3269,3270,3269,3270,3269,0,-1,8,261540,14
502,b1511,20150331,3270,3269,0,0,0,3269,3269,0,0,0,0,14
503,b1511,20150401,3269,3269,0,0,0,3269,3269,0,0,0,0,14
504,b1511,20150402,3269,3269,0,0,0,3269,3269,0,0,0,0,14
505,b1511,20150403,3269,3269,0,0,0,3269,3269,0,0,0,0,14
506,b1511,20150407,3269,3269,0,0,0,3269,3269,0,0,0,0,14
507,b1511,20150408,3269,3269,3200,3300,3200,3300,3259,31,-10,10,325940,14
508,b1511,20150409,3300,3259,3129,3299,3129,3131,3253,-128,-6,20,650680,14
509,b1511,20150410,3131,3253,0,0,0,3253,3253,0,0,0,0,14
510,b1511,20150413,3253,3253,0,0,0,3253,3253,0,0,0,0,14
511,b1511,20150414,3253,3253,0,0,0,3253,3253,0,0,0,0,14
512,b1511,20150415,3253,3253,0,0,0,3253,3253,0,0,0,0,14
513,b1511,20150416,3253,3253,0,0,0,3253,3253,0,0,0,0,14
514,b1511,20150417,3253,3253,3299,3300,3299,3300,3299,47,46,6,197980,18
515,b1511,20150420,3300,3299,3217,3285,3180,3180,3236,-119,-63,16,517820,14
516,b1511,20150421,3180,3236,0,0,0,3236,3236,0,0,0,0,14
517,b1511,20150422,3236,3236,0,0,0,3241,3241,5,5,0,0,14
518,b1511,20150423,3241,3241,0,0,0,3241,3241,0,0,0,0,14
519,b1511,20150424,3241,3241,3280,3280,3200,3200,3231,-41,-10,12,387800,8
520,b1511,20150427,3200,3231,0,0,0,3231,3231,0,0,0,0,8
521,b1511,20150428,3231,3231,3210,3210,3210,3210,3210,-21,-21,2,64200,8
522,b1511,20150429,3210,3210,0,0,0,3210,3210,0,0,0,0,8
523,b1511,20150430,3210,3210,0,0,0,3226,3226,16,16,0,0,8
524,b1511,20150504,3226,3226,0,0,0,3210,3210,-16,-16,0,0,8
525,b1511,20150505,3210,3210,3095,3310,3095,3113,3202,-97,-8,12,384260,8
526,b1511,20150506,3113,3202,0,0,0,3200,3200,-2,-2,0,0,8
527,b1511,20150507,3200,3200,0,0,0,3199,3199,-1,-1,0,0,8
528,b1511,20150508,3199,3199,0,0,0,3199,3199,0,0,0,0,8
529,b1511,20150511,3199,3199,0,0,0,3207,3207,8,8,0,0,8
530,b1511,20150512,3207,3207,3300,3300,3300,3300,3300,93,93,2,66000,8
531,b1511,20150513,3300,3300,3299,3299,3172,3256,3242,-44,-58,6,194540,10
532,b1511,20150514,3256,3242,3121,3219,3121,3219,3170,-23,-72,4,126800,8
533,b1511,20150515,3219,3170,0,0,0,3201,3201,31,31,0,0,8
534,b1511,20150518,3201,3201,0,0,0,3201,3201,0,0,0,0,8
535,b1511,20150519,3201,3201,3299,3299,3299,3299,3299,98,98,2,65980,10
536,b1511,20150520,3299,3299,3339,3339,3168,3168,3265,-131,-34,6,195920,8
537,b1511,20150521,3168,3265,0,0,0,3210,3210,-55,-55,0,0,8
538,b1511,20150522,3210,3210,0,0,0,3210,3210,0,0,0,0,8
539,b1511,20150525,3210,3210,3083,3282,3083,3169,3172,-41,-38,8,253760,8
540,b1511,20150526,3169,3172,0,0,0,3172,3172,0,0,0,0,8
541,b1511,20150527,3172,3172,0,0,0,3167,3167,-5,-5,0,0,8
542,b1511,20150528,3167,3167,0,0,0,3169,3169,2,2,0,0,8
543,b1511,20150529,3169,3169,0,0,0,3167,3167,-2,-2,0,0,8
544,b1511,20150601,3167,3167,0,0,0,3168,3168,1,1,0,0,8
545,b1511,20150602,3168,3168,0,0,0,3160,3160,-8,-8,0,0,8
546,b1511,20150603,3160,3160,0,0,0,3167,3167,7,7,0,0,8
547,b1511,20150604,3167,3167,0,0,0,3168,3168,1,1,0,0,8
548,b1511,20150605,3168,3168,0,0,0,3173,3173,5,5,0,0,8
549,b1511,20150608,3173,3173,0,0,0,3169,3169,-4,-4,0,0,8
550,b1511,20150609,3169,3169,0,0,0,3169,3169,0,0,0,0,8
551,b1511,20150610,3169,3169,0,0,0,3169,3169,0,0,0,0,8
552,b1511,20150611,3169,3169,0,0,0,3169,3169,0,0,0,0,8
553,b1511,20150612,3169,3169,0,0,0,3149,3149,-20,-20,0,0,8
554,b1511,20150615,3149,3149,0,0,0,3146,3146,-3,-3,0,0,8
555,b1511,20150616,3146,3146,0,0,0,3148,3148,2,2,0,0,8
556,b1511,20150617,3148,3148,0,0,0,3151,3151,3,3,0,0,8
557,b1511,20150618,3151,3151,0,0,0,3158,3158,7,7,0,0,8
558,b1511,20150619,3158,3158,0,0,0,3151,3151,-7,-7,0,0,8
559,b1511,20150623,3151,3151,0,0,0,3151,3151,0,0,0,0,8
560,b1511,20150624,3151,3151,0,0,0,3143,3143,-8,-8,0,0,8
561,b1511,20150625,3143,3143,0,0,0,3143,3143,0,0,0,0,8
562,b1511,20150626,3143,3143,0,0,0,3146,3146,3,3,0,0,8
563,b1511,20150629,3146,3146,0,0,0,3146,3146,0,0,0,0,8
564,b1511,20150630,3146,3146,3120,3149,3112,3149,3127,3,-19,6,187620,8
565,b1511,20150701,3149,3127,0,0,0,3127,3127,0,0,0,0,8
566,b1511,20150702,3127,3127,0,0,0,3127,3127,0,0,0,0,8
567,b1511,20150703,3127,3127,0,0,0,3127,3127,0,0,0,0,8
568,b1511,20150706,3127,3127,0,0,0,3127,3127,0,0,0,0,8
569,b1511,20150707,3127,3127,0,0,0,3127,3127,0,0,0,0,8
570,b1511,20150708,3127,3127,0,0,0,3016,3016,-111,-111,0,0,8
571,b1511,20150709,3016,3016,0,0,0,3016,3016,0,0,0,0,8
572,b1511,20150710,3016,3016,0,0,0,3016,3016,0,0,0,0,8
573,b1511,20150713,3016,3016,3136,3136,2896,2950,2969,-66,-47,8,237560,10
574,b1511,20150714,2950,2969,0,0,0,3010,3010,41,41,0,0,10
575,b1511,20150715,3010,3010,0,0,0,3010,3010,0,0,0,0,10
576,b1511,20150716,3010,3010,0,0,0,3010,3010,0,0,0,0,10
577,b1511,20150717,3010,3010,0,0,0,3010,3010,0,0,0,0,10
578,b1511,20150720,3010,3010,0,0,0,3010,3010,0,0,0,0,10
579,b1511,20150721,3010,3010,0,0,0,3010,3010,0,0,0,0,10
580,b1511,20150722,3010,3010,0,0,0,3010,3010,0,0,0,0,10
581,b1511,20150723,3010,3010,0,0,0,3010,3010,0,0,0,0,10
582,b1511,20150724,3010,3010,0,0,0,3010,3010,0,0,0,0,10
583,b1511,20150727,3010,3010,2951,2951,2951,2951,2951,-59,-59,2,59020,8
584,b1511,20150728,2951,2951,0,0,0,2951,2951,0,0,0,0,8
585,b1511,20150729,2951,2951,3069,3069,2850,2990,2984,39,33,10,298420,10
586,b1511,20150730,2990,2984,3065,3065,3030,3030,3051,46,67,6,183100,10
587,b1511,20150731,3030,3051,2950,2950,2950,2950,2950,-101,-101,2,59000,10
588,b1511,20150803,2950,2950,0,0,0,2970,2970,20,20,0,0,10
589,b1511,20150804,2970,2970,0,0,0,2975,2975,5,5,0,0,10
590,b1511,20150805,2975,2975,0,0,0,2995,2995,20,20,0,0,10
591,b1511,20150806,2995,2995,2996,2996,2955,2955,2975,-40,-20,4,119020,10
592,b1511,20150807,2955,2975,0,0,0,2975,2975,0,0,0,0,10
593,b1511,20150810,2975,2975,0,0,0,2975,2975,0,0,0,0,10
594,b1511,20150811,2975,2975,0,0,0,2975,2975,0,0,0,0,10
595,b1511,20150812,2975,2975,0,0,0,2975,2975,0,0,0,0,10
596,b1511,20150813,2975,2975,2900,2900,2900,2900,2900,-75,-75,2,58000,12
597,b1511,20150814,2900,2900,0,0,0,2956,2956,56,56,0,0,12
598,b1511,20150817,2956,2956,0,0,0,2956,2956,0,0,0,0,12
599,b1511,20150818,2956,2956,0,0,0,2956,2956,0,0,0,0,12
600,b1511,20150819,2956,2956,0,0,0,2956,2956,0,0,0,0,12
601,b1511,20150820,2956,2956,0,0,0,2956,2956,0,0,0,0,12
602,b1511,20150821,2956,2956,0,0,0,2956,2956,0,0,0,0,12
603,b1511,20150824,2956,2956,0,0,0,2956,2956,0,0,0,0,12
604,b1511,20150825,2956,2956,3030,3030,3030,3030,3030,74,74,2,60600,12
605,b1511,20150826,3030,3030,3030,3030,3030,3030,3030,0,0,2,60600,14
606,b1511,20150827,3030,3030,2990,2990,2990,2990,2990,-40,-40,2,59800,16
607,b1511,20150828,2990,2990,0,0,0,2990,2990,0,0,0,0,16
608,b1511,20150831,2990,2990,0,0,0,2990,2990,0,0,0,0,16
609,b1511,20150901,2990,2990,2921,3109,2921,3000,3017,10,27,22,663820,12
610,b1511,20150902,3000,3017,3050,3050,2990,2990,3020,-27,3,4,120800,12
611,b1511,20150907,2990,3020,0,0,0,3020,3020,0,0,0,0,12
612,b1511,20150908,3020,3020,0,0,0,3020,3020,0,0,0,0,12
613,b1511,20150909,3020,3020,0,0,0,3020,3020,0,0,0,0,12
614,b1511,20150910,3020,3020,0,0,0,3020,3020,0,0,0,0,12
615,b1511,20150911,3020,3020,3050,3050,3050,3050,3050,30,30,2,61000,14
616,b1511,20150914,3050,3050,2950,3150,2950,2970,3026,-80,-24,10,302600,12
617,b1511,20150915,2970,3026,3060,3060,3060,3060,3060,34,34,4,122400,12
618,b1511,20150916,3060,3060,3180,3180,3050,3050,3158,-10,98,12,379000,20
619,b1511,20150917,3050,3158,0,0,0,3158,3158,0,0,0,0,20
620,b1511,20150918,3158,3158,0,0,0,3158,3158,0,0,0,0,20
621,b1511,20150921,3158,3158,0,0,0,3158,3158,0,0,0,0,20
622,b1511,20150922,3158,3158,0,0,0,3158,3158,0,0,0,0,20
623,b1511,20150923,3158,3158,0,0,0,3158,3158,0,0,0,0,20
624,b1511,20150924,3158,3158,3100,3100,3100,3100,3100,-58,-58,8,248000,12
625,b1511,20150925,3100,3100,0,0,0,3100,3100,0,0,0,0,12
626,b1511,20150928,3100,3100,0,0,0,3101,3101,1,1,0,0,12
627,b1511,20150929,3101,3101,0,0,0,3101,3101,0,0,0,0,12
628,b1511,20150930,3101,3101,0,0,0,3102,3102,1,1,0,0,12
629,b1511,20151008,3102,3102,3199,3200,3151,3151,3183,49,81,6,191000,8
630,b1511,20151009,3151,3183,0,0,0,3183,3183,0,0,0,0,8
631,b1511,20151012,3183,3183,0,0,0,3183,3183,0,0,0,0,8
632,b1511,20151013,3183,3183,0,0,0,3183,3183,0,0,0,0,8
633,b1511,20151014,3183,3183,0,0,0,3183,3183,0,0,0,0,8
634,b1511,20151015,3183,3183,3289,3289,3101,3101,3164,-82,-19,6,189860,8
635,b1511,20151016,3101,3164,0,0,0,3164,3164,0,0,0,0,8
636,b1511,20151019,3164,3164,3038,3038,3038,3038,3038,-126,-126,2,60760,6
637,b1511,20151020,3038,3038,0,0,0,3101,3101,63,63,0,0,6
638,b1511,20151021,3101,3101,0,0,0,3101,3101,0,0,0,0,6
639,b1511,20151022,3101,3101,0,0,0,3101,3101,0,0,0,0,6
640,b1511,20151023,3101,3101,0,0,0,3101,3101,0,0,0,0,6
641,b1511,20151026,3101,3101,0,0,0,3101,3101,0,0,0,0,6
642,b1511,20151027,3101,3101,0,0,0,3101,3101,0,0,0,0,6
643,b1511,20151028,3101,3101,0,0,0,3101,3101,0,0,0,0,6
644,b1511,20151029,3101,3101,0,0,0,3101,3101,0,0,0,0,6
645,b1511,20151030,3101,3101,2980,2980,2980,2980,2980,-121,-121,2,59600,4
646,b1511,20151102,2980,2980,3158,3158,3158,3158,3158,178,178,2,63160,2
647,b1511,20151103,3158,3158,0,0,0,3158,3158,0,0,0,0,2
648,b1511,20151104,3158,3158,0,0,0,3158,3158,0,0,0,0,2
649,b1511,20151105,3158,3158,0,0,0,3158,3158,0,0,0,0,2
650,b1511,20151106,3158,3158,0,0,0,3200,3200,42,42,0,0,2
651,b1511,20151109,3200,3200,3250,3250,3250,3250,3250,50,50,2,65000,0
652,b1511,20151110,3250,3250,0,0,0,3250,3250,0,0,0,0,0
653,b1511,20151111,3250,3250,0,0,0,3250,3250,0,0,0,0,0
654,b1511,20151112,3250,3250,0,0,0,3250,3250,0,0,0,0,0
655,b1511,20151113,3250,3250,0,0,0,3204,3204,-46,-46,0,0,0
656,b1601,20150119,3236,3236,0,0,0,3242,3242,6,6,0,0,0
657,b1601,20150120,3242,3242,0,0,0,3217,3217,-25,-25,0,0,0
658,b1601,20150121,3217,3217,0,0,0,3225,3225,8,8,0,0,0
659,b1601,20150122,3225,3225,0,0,0,3226,3226,1,1,0,0,0
660,b1601,20150123,3226,3226,0,0,0,3230,3230,4,4,0,0,0
661,b1601,20150126,3230,3230,0,0,0,3278,3278,48,48,0,0,0
662,b1601,20150127,3278,3278,0,0,0,3278,3278,0,0,0,0,0
663,b1601,20150128,3278,3278,0,0,0,3278,3278,0,0,0,0,0
664,b1601,20150129,3278,3278,0,0,0,3278,3278,0,0,0,0,0
665,b1601,20150130,3278,3278,0,0,0,3278,3278,0,0,0,0,0
666,b1601,20150202,3278,3278,0,0,0,3278,3278,0,0,0,0,0
667,b1601,20150203,3278,3278,0,0,0,3227,3227,-51,-51,0,0,0
668,b1601,20150204,3227,3227,0,0,0,3227,3227,0,0,0,0,0
669,b1601,20150205,3227,3227,0,0,0,3227,3227,0,0,0,0,0
670,b1601,20150206,3227,3227,0,0,0,3227,3227,0,0,0,0,0
671,b1601,20150209,3227,3227,0,0,0,3197,3197,-30,-30,0,0,0
672,b1601,20150210,3197,3197,0,0,0,3192,3192,-5,-5,0,0,0
673,b1601,20150211,3192,3192,0,0,0,3193,3193,1,1,0,0,0
674,b1601,20150212,3193,3193,0,0,0,3193,3193,0,0,0,0,0
675,b1601,20150213,3193,3193,0,0,0,3194,3194,1,1,0,0,0
676,b1601,20150216,3194,3194,0,0,0,3236,3236,42,42,0,0,0
677,b1601,20150217,3236,3236,0,0,0,3198,3198,-38,-38,0,0,0
678,b1601,20150225,3198,3198,0,0,0,3198,3198,0,0,0,0,0
679,b1601,20150226,3198,3198,0,0,0,3198,3198,0,0,0,0,0
680,b1601,20150227,3198,3198,0,0,0,3198,3198,0,0,0,0,0
681,b1601,20150302,3198,3198,0,0,0,3207,3207,9,9,0,0,0
682,b1601,20150303,3207,3207,3345,3345,3211,3211,3265,4,58,6,195940,0
683,b1601,20150304,3211,3265,3250,3250,3250,3250,3250,-15,-15,6,195000,6
684,b1601,20150305,3250,3250,3235,3235,3235,3235,3235,-15,-15,2,64700,8
685,b1601,20150306,3235,3235,0,0,0,3235,3235,0,0,0,0,8
686,b1601,20150309,3235,3235,0,0,0,3235,3235,0,0,0,0,8
687,b1601,20150310,3235,3235,0,0,0,3235,3235,0,0,0,0,8
688,b1601,20150311,3235,3235,0,0,0,3269,3269,34,34,0,0,8
689,b1601,20150312,3269,3269,0,0,0,3269,3269,0,0,0,0,8
690,b1601,20150313,3269,3269,0,0,0,3269,3269,0,0,0,0,8
691,b1601,20150316,3269,3269,3375,3375,3177,3325,3268,56,-1,8,261440,10
692,b1601,20150317,3325,3268,0,0,0,3268,3268,0,0,0,0,10
693,b1601,20150318,3268,3268,0,0,0,3267,3267,-1,-1,0,0,10
694,b1601,20150319,3267,3267,0,0,0,3266,3266,-1,-1,0,0,10
695,b1601,20150320,3266,3266,0,0,0,3265,3265,-1,-1,0,0,10
696,b1601,20150323,3265,3265,0,0,0,3265,3265,0,0,0,0,10
697,b1601,20150324,3265,3265,3235,3240,3235,3240,3237,-25,-28,4,129500,8
698,b1601,20150325,3240,3237,0,0,0,3237,3237,0,0,0,0,8
699,b1601,20150326,3237,3237,0,0,0,3237,3237,0,0,0,0,8
700,b1601,20150327,3237,3237,0,0,0,3237,3237,0,0,0,0,8
701,b1601,20150330,3237,3237,0,0,0,3237,3237,0,0,0,0,8
702,b1601,20150331,3237,3237,0,0,0,3237,3237,0,0,0,0,8
703,b1601,20150401,3237,3237,0,0,0,3237,3237,0,0,0,0,8
704,b1601,20150402,3237,3237,0,0,0,3237,3237,0,0,0,0,8
705,b1601,20150403,3237,3237,0,0,0,3237,3237,0,0,0,0,8
706,b1601,20150407,3237,3237,0,0,0,3237,3237,0,0,0,0,8
707,b1601,20150408,3237,3237,0,0,0,3237,3237,0,0,0,0,8
708,b1601,20150409,3237,3237,0,0,0,3237,3237,0,0,0,0,8
709,b1601,20150410,3237,3237,0,0,0,3237,3237,0,0,0,0,8
710,b1601,20150413,3237,3237,0,0,0,3237,3237,0,0,0,0,8
711,b1601,20150414,3237,3237,3176,3176,3176,3176,3176,-61,-61,2,63520,10
712,b1601,20150415,3176,3176,0,0,0,3200,3200,24,24,0,0,10
713,b1601,20150416,3200,3200,3213,3213,3213,3213,3262,13,62,4,130500,10
714,b1601,20150417,3213,3262,0,0,0,3262,3262,0,0,0,0,10
715,b1601,20150420,3262,3262,0,0,0,3262,3262,0,0,0,0,10
716,b1601,20150421,3262,3262,3250,3325,3234,3240,3264,-22,2,12,391780,14
717,b1601,20150422,3240,3264,0,0,0,3264,3264,0,0,0,0,14
718,b1601,20150423,3264,3264,0,0,0,3264,3264,0,0,0,0,14
719,b1601,20150424,3264,3264,0,0,0,3264,3264,0,0,0,0,14
720,b1601,20150427,3264,3264,0,0,0,3264,3264,0,0,0,0,14
721,b1601,20150428,3264,3264,0,0,0,3264,3264,0,0,0,0,14
722,b1601,20150429,3264,3264,3152,3276,3152,3260,3222,-4,-42,36,1160240,18
723,b1601,20150430,3260,3222,3249,3249,3249,3249,3249,27,27,2,64980,18
724,b1601,20150504,3249,3249,0,0,0,3249,3249,0,0,0,0,18
725,b1601,20150505,3249,3249,3250,3250,3201,3201,3225,-48,-24,4,129020,18
726,b1601,20150506,3201,3225,3254,3260,3254,3260,3257,35,32,4,130280,22
727,b1601,20150507,3260,3257,0,0,0,3257,3257,0,0,0,0,22
728,b1601,20150508,3257,3257,3250,3280,3201,3236,3247,-21,-10,60,1948380,30
729,b1601,20150511,3236,3247,3279,3369,3255,3272,3284,25,37,16,525440,26
730,b1601,20150512,3272,3284,3270,3275,3245,3245,3258,-39,-26,10,325800,26
731,b1601,20150513,3245,3258,3227,3260,3227,3260,3243,2,-15,4,129740,28
732,b1601,20150514,3260,3243,3226,3250,3225,3250,3233,7,-10,12,388020,28
733,b1601,20150515,3250,3233,0,0,0,3234,3234,1,1,0,0,28
734,b1601,20150518,3234,3234,0,0,0,3241,3241,7,7,0,0,28
735,b1601,20150519,3241,3241,0,0,0,3241,3241,0,0,0,0,28
736,b1601,20150520,3241,3241,3221,3221,3136,3136,3173,-105,-68,6,190380,24
737,b1601,20150521,3136,3173,3130,3170,3130,3140,3142,-33,-31,8,251420,26
738,b1601,20150522,3140,3142,3175,3216,3175,3216,3188,74,46,6,191320,30
739,b1601,20150525,3216,3188,0,0,0,3188,3188,0,0,0,0,30
740,b1601,20150526,3188,3188,3150,3222,3130,3222,3182,34,-6,10,318220,34
741,b1601,20150527,3222,3182,0,0,0,3182,3182,0,0,0,0,34
742,b1601,20150528,3182,3182,0,0,0,3182,3182,0,0,0,0,34
743,b1601,20150529,3182,3182,3182,3182,3182,3182,3182,0,0,2,63640,34
744,b1601,20150601,3182,3182,0,0,0,3175,3175,-7,-7,0,0,34
745,b1601,20150602,3175,3175,0,0,0,3175,3175,0,0,0,0,34
746,b1601,20150603,3175,3175,0,0,0,3175,3175,0,0,0,0,34
747,b1601,20150604,3175,3175,0,0,0,3175,3175,0,0,0,0,34
748,b1601,20150605,3175,3175,0,0,0,3175,3175,0,0,0,0,34
749,b1601,20150608,3175,3175,0,0,0,3175,3175,0,0,0,0,34
750,b1601,20150609,3175,3175,3199,3199,3199,3199,3199,24,24,4,127960,32
751,b1601,20150610,3199,3199,0,0,0,3199,3199,0,0,0,0,32
752,b1601,20150611,3199,3199,3190,3190,3190,3190,3190,-9,-9,2,63800,32
753,b1601,20150612,3190,3190,0,0,0,3179,3179,-11,-11,0,0,32
754,b1601,20150615,3179,3179,0,0,0,3150,3150,-29,-29,0,0,32
755,b1601,20150616,3150,3150,0,0,0,3150,3150,0,0,0,0,32
756,b1601,20150617,3150,3150,0,0,0,3150,3150,0,0,0,0,32
757,b1601,20150618,3150,3150,0,0,0,3150,3150,0,0,0,0,32
758,b1601,20150619,3150,3150,0,0,0,3150,3150,0,0,0,0,32
759,b1601,20150623,3150,3150,0,0,0,3150,3150,0,0,0,0,32
760,b1601,20150624,3150,3150,3200,3200,3182,3185,3188,35,38,8,255040,30
761,b1601,20150625,3185,3188,0,0,0,3180,3180,-8,-8,0,0,30
762,b1601,20150626,3180,3180,3197,3200,3180,3180,3190,0,10,20,638160,30
763,b1601,20150629,3180,3190,3150,3190,3150,3190,3170,0,-20,4,126800,30
764,b1601,20150630,3190,3170,0,0,0,3150,3150,-20,-20,0,0,30
765,b1601,20150701,3150,3150,0,0,0,3168,3168,18,18,0,0,30
766,b1601,20150702,3168,3168,0,0,0,3168,3168,0,0,0,0,30
767,b1601,20150703,3168,3168,3179,3200,3179,3200,3193,32,25,6,191580,32
768,b1601,20150706,3200,3193,3240,3253,3187,3204,3223,11,30,18,580280,40
769,b1601,20150707,3204,3223,3205,3205,3150,3164,3161,-59,-62,14,442620,30
770,b1601,20150708,3164,3161,3105,3105,3035,3035,3053,-126,-108,24,732920,16
771,b1601,20150709,3035,3053,2931,3110,2931,3060,3037,7,-16,14,425220,16
772,b1601,20150710,3060,3037,3158,3158,3101,3101,3129,64,92,4,125180,12
773,b1601,20150713,3101,3129,0,0,0,3129,3129,0,0,0,0,12
774,b1601,20150714,3129,3129,3166,3166,3166,3166,3166,37,37,2,63320,12
775,b1601,20150715,3166,3166,3140,3200,3105,3121,3162,-45,-4,14,442720,14
776,b1601,20150716,3121,3162,0,0,0,3162,3162,0,0,0,0,14
777,b1601,20150717,3162,3162,3105,3105,3105,3105,3105,-57,-57,6,186300,10
778,b1601,20150720,3105,3105,0,0,0,3105,3105,0,0,0,0,10
779,b1601,20150721,3105,3105,0,0,0,3105,3105,0,0,0,0,10
780,b1601,20150722,3105,3105,0,0,0,3106,3106,1,1,0,0,10
781,b1601,20150723,3106,3106,0,0,0,3106,3106,0,0,0,0,10
782,b1601,20150724,3106,3106,0,0,0,3106,3106,0,0,0,0,10
783,b1601,20150727,3106,3106,0,0,0,3106,3106,0,0,0,0,10
784,b1601,20150728,3106,3106,0,0,0,3106,3106,0,0,0,0,10
785,b1601,20150729,3106,3106,0,0,0,3106,3106,0,0,0,0,10
786,b1601,20150730,3106,3106,3115,3158,3115,3158,3136,52,30,4,125460,10
787,b1601,20150731,3158,3136,0,0,0,3136,3136,0,0,0,0,10
788,b1601,20150803,3136,3136,0,0,0,3136,3136,0,0,0,0,10
789,b1601,20150804,3136,3136,3101,3260,3101,3191,3171,55,35,10,317180,8
790,b1601,20150805,3191,3171,0,0,0,3171,3171,0,0,0,0,8
791,b1601,20150806,3171,3171,3100,3110,3100,3110,3105,-61,-66,4,124200,6
792,b1601,20150807,3110,3105,0,0,0,3105,3105,0,0,0,0,6
793,b1601,20150810,3105,3105,0,0,0,3105,3105,0,0,0,0,6
794,b1601,20150811,3105,3105,0,0,0,3105,3105,0,0,0,0,6
795,b1601,20150812,3105,3105,3100,3190,3100,3180,3138,75,33,10,313800,8
796,b1601,20150813,3180,3138,0,0,0,3138,3138,0,0,0,0,8
797,b1601,20150814,3138,3138,0,0,0,3138,3138,0,0,0,0,8
798,b1601,20150817,3138,3138,0,0,0,3138,3138,0,0,0,0,8
799,b1601,20150818,3138,3138,0,0,0,3138,3138,0,0,0,0,8
800,b1601,20150819,3138,3138,0,0,0,3138,3138,0,0,0,0,8
801,b1601,20150820,3138,3138,3140,3143,3138,3143,3140,5,2,6,188420,12
802,b1601,20150821,3143,3140,3170,3170,3075,3075,3115,-65,-25,14,436200,12
803,b1601,20150824,3075,3115,0,0,0,3115,3115,0,0,0,0,12
804,b1601,20150825,3115,3115,3145,3145,3145,3145,3145,30,30,2,62900,12
805,b1601,20150826,3145,3145,3170,3170,3060,3065,3111,-80,-34,8,248900,14
806,b1601,20150827,3065,3111,0,0,0,3100,3100,-11,-11,0,0,14
807,b1601,20150828,3100,3100,3100,3100,3100,3100,3100,0,0,2,62000,14
808,b1601,20150831,3100,3100,0,0,0,3100,3100,0,0,0,0,14
809,b1601,20150901,3100,3100,0,0,0,3100,3100,0,0,0,0,14
810,b1601,20150902,3100,3100,0,0,0,3100,3100,0,0,0,0,14
811,b1601,20150907,3100,3100,0,0,0,3100,3100,0,0,0,0,14
812,b1601,20150908,3100,3100,3100,3100,3005,3080,3061,-20,-39,6,183700,14
813,b1601,20150909,3080,3061,3100,3100,3032,3044,3061,-17,0,10,306160,14
814,b1601,20150910,3044,3061,0,0,0,3061,3061,0,0,0,0,14
815,b1601,20150911,3061,3061,0,0,0,3061,3061,0,0,0,0,14
816,b1601,20150914,3061,3061,3100,3100,3100,3100,3100,39,39,2,62000,14
817,b1601,20150915,3100,3100,3100,3120,3011,3120,3090,20,-10,14,432720,12
818,b1601,20150916,3120,3090,3001,3148,3001,3060,3069,-30,-21,6,184180,10
819,b1601,20150917,3060,3069,3121,3121,3121,3121,3121,52,52,2,62420,10
820,b1601,20150918,3121,3121,0,0,0,3121,3121,0,0,0,0,10
821,b1601,20150921,3121,3121,0,0,0,3121,3121,0,0,0,0,10
822,b1601,20150922,3121,3121,0,0,0,3121,3121,0,0,0,0,10
823,b1601,20150923,3121,3121,0,0,0,3121,3121,0,0,0,0,10
824,b1601,20150924,3121,3121,0,0,0,3121,3121,0,0,0,0,10
825,b1601,20150925,3121,3121,0,0,0,3121,3121,0,0,0,0,10
826,b1601,20150928,3121,3121,0,0,0,3121,3121,0,0,0,0,10
827,b1601,20150929,3121,3121,0,0,0,3121,3121,0,0,0,0,10
828,b1601,20150930,3121,3121,0,0,0,3121,3121,0,0,0,0,10
829,b1601,20151008,3121,3121,3027,3187,3027,3138,3119,17,-2,16,499180,18
830,b1601,20151009,3138,3119,0,0,0,3119,3119,0,0,0,0,18
831,b1601,20151012,3119,3119,0,0,0,3119,3119,0,0,0,0,18
832,b1601,20151013,3119,3119,0,0,0,3131,3131,12,12,0,0,18
833,b1601,20151014,3131,3131,0,0,0,3151,3151,20,20,0,0,18
834,b1601,20151015,3151,3151,0,0,0,3151,3151,0,0,0,0,18
835,b1601,20151016,3151,3151,0,0,0,3151,3151,0,0,0,0,18
836,b1601,20151019,3151,3151,0,0,0,3151,3151,0,0,0,0,18
837,b1601,20151020,3151,3151,0,0,0,3151,3151,0,0,0,0,18
838,b1601,20151021,3151,3151,0,0,0,3151,3151,0,0,0,0,18
839,b1601,20151022,3151,3151,3049,3189,3048,3169,3128,18,-23,50,1564240,14
840,b1601,20151023,3169,3128,3149,3181,3149,3180,3168,52,40,22,697000,10
841,b1601,20151026,3180,3168,3165,3199,3100,3175,3163,7,-5,20,632620,12
842,b1601,20151027,3175,3163,3191,3195,3189,3195,3191,32,28,6,191500,8
843,b1601,20151028,3195,3191,3126,3159,3126,3159,3142,-32,-49,4,125700,8
844,b1601,20151029,3159,3142,0,0,0,3142,3142,0,0,0,0,8
845,b1601,20151030,3142,3142,0,0,0,3142,3142,0,0,0,0,8
846,b1601,20151102,3142,3142,3235,3235,3221,3221,3228,79,86,4,129120,6
847,b1601,20151103,3221,3228,0,0,0,3228,3228,0,0,0,0,6
848,b1601,20151104,3228,3228,0,0,0,3228,3228,0,0,0,0,6
849,b1601,20151105,3228,3228,3150,3296,3099,3250,3218,22,-10,10,321800,6
850,b1601,20151106,3250,3218,0,0,0,3218,3218,0,0,0,0,6
851,b1601,20151109,3218,3218,3250,3250,3181,3240,3223,22,5,6,193420,6
852,b1601,20151110,3240,3223,0,0,0,3223,3223,0,0,0,0,6
853,b1601,20151111,3223,3223,0,0,0,3223,3223,0,0,0,0,6
854,b1601,20151112,3223,3223,0,0,0,3223,3223,0,0,0,0,6
855,b1601,20151113,3223,3223,0,0,0,3223,3223,0,0,0,0,6
856,b1601,20151116,3223,3223,0,0,0,3223,3223,0,0,0,0,6
857,b1601,20151117,3223,3223,3126,3256,3126,3255,3183,32,-40,28,891320,6
858,b1601,20151118,3255,3183,0,0,0,3201,3201,18,18,0,0,6
859,b1601,20151119,3201,3201,0,0,0,3201,3201,0,0,0,0,6
860,b1601,20151120,3201,3201,3230,3230,3230,3230,3230,29,29,2,64600,4
861,b1601,20151123,3230,3230,3150,3299,3150,3250,3218,20,-12,24,772500,2
862,b1601,20151124,3250,3218,3250,3250,3250,3250,3250,32,32,2,65000,2
863,b1601,20151125,3250,3250,0,0,0,3250,3250,0,0,0,0,2
864,b1601,20151126,3250,3250,0,0,0,3250,3250,0,0,0,0,2
865,b1601,20151127,3250,3250,0,0,0,3250,3250,0,0,0,0,2
866,b1601,20151130,3250,3250,0,0,0,3250,3250,0,0,0,0,2
867,b1601,20151201,3250,3250,0,0,0,3250,3250,0,0,0,0,2
868,b1601,20151202,3250,3250,0,0,0,3250,3250,0,0,0,0,2
869,b1601,20151203,3250,3250,0,0,0,3250,3250,0,0,0,0,2
870,b1601,20151204,3250,3250,0,0,0,3250,3250,0,0,0,0,2
871,b1601,20151207,3250,3250,0,0,0,3250,3250,0,0,0,0,2
872,b1601,20151208,3250,3250,0,0,0,3250,3250,0,0,0,0,2
873,b1601,20151209,3250,3250,0,0,0,3250,3250,0,0,0,0,2
874,b1601,20151210,3250,3250,0,0,0,3250,3250,0,0,0,0,2
875,b1601,20151211,3250,3250,3300,3300,3230,3230,3265,-20,15,4,130600,2
876,b1601,20151214,3230,3265,0,0,0,3265,3265,0,0,0,0,2
877,b1601,20151215,3265,3265,0,0,0,3265,3265,0,0,0,0,2
878,b1601,20151216,3265,3265,0,0,0,3265,3265,0,0,0,0,2
879,b1601,20151217,3265,3265,0,0,0,3265,3265,0,0,0,0,2
880,b1601,20151218,3265,3265,0,0,0,3265,3265,0,0,0,0,2
881,b1601,20151221,3265,3265,3200,3200,3200,3200,3200,-65,-65,2,64000,0
882,b1601,20151222,3200,3200,0,0,0,3200,3200,0,0,0,0,0
883,b1601,20151223,3200,3200,0,0,0,3200,3200,0,0,0,0,0
884,b1601,20151224,3200,3200,0,0,0,3200,3200,0,0,0,0,0
885,b1601,20151225,3200,3200,0,0,0,3200,3200,0,0,0,0,0
886,b1601,20151228,3200,3200,0,0,0,3200,3200,0,0,0,0,0
887,b1601,20151229,3200,3200,0,0,0,3200,3200,0,0,0,0,0
888,b1601,20151230,3200,3200,0,0,0,3200,3200,0,0,0,0,0
889,b1601,20151231,3200,3200,0,0,0,3200,3200,0,0,0,0,0
890,b1603,20150316,3213,3213,0,0,0,3213,3213,0,0,0,0,0
891,b1603,20150317,3213,3213,0,0,0,3213,3213,0,0,0,0,0
892,b1603,20150318,3213,3213,0,0,0,3211,3211,-2,-2,0,0,0
893,b1603,20150319,3211,3211,0,0,0,3206,3206,-5,-5,0,0,0
894,b1603,20150320,3206,3206,0,0,0,3206,3206,0,0,0,0,0
895,b1603,20150323,3206,3206,0,0,0,3206,3206,0,0,0,0,0
896,b1603,20150324,3206,3206,0,0,0,3179,3179,-27,-27,0,0,0
897,b1603,20150325,3179,3179,0,0,0,3171,3171,-8,-8,0,0,0
898,b1603,20150326,3171,3171,0,0,0,3175,3175,4,4,0,0,0
899,b1603,20150327,3175,3175,0,0,0,3214,3214,39,39,0,0,0
900,b1603,20150330,3214,3214,0,0,0,3214,3214,0,0,0,0,0
901,b1603,20150331,3214,3214,0,0,0,3169,3169,-45,-45,0,0,0
902,b1603,20150401,3169,3169,0,0,0,3186,3186,17,17,0,0,0
903,b1603,20150402,3186,3186,0,0,0,3202,3202,16,16,0,0,0
904,b1603,20150403,3202,3202,0,0,0,3166,3166,-36,-36,0,0,0
905,b1603,20150407,3166,3166,0,0,0,3181,3181,15,15,0,0,0
906,b1603,20150408,3181,3181,0,0,0,3172,3172,-9,-9,0,0,0
907,b1603,20150409,3172,3172,0,0,0,3167,3167,-5,-5,0,0,0
908,b1603,20150410,3167,3167,0,0,0,3167,3167,0,0,0,0,0
909,b1603,20150413,3167,3167,0,0,0,3167,3167,0,0,0,0,0
910,b1603,20150414,3167,3167,0,0,0,3167,3167,0,0,0,0,0
911,b1603,20150415,3167,3167,0,0,0,3167,3167,0,0,0,0,0
912,b1603,20150416,3167,3167,3372,3372,3055,3168,3214,1,47,244,7843140,0
913,b1603,20150417,3168,3214,0,0,0,3214,3214,0,0,0,0,0
914,b1603,20150420,3214,3214,0,0,0,3153,3153,-61,-61,0,0,0
915,b1603,20150421,3153,3153,0,0,0,3154,3154,1,1,0,0,0
916,b1603,20150422,3154,3154,3153,3251,3153,3251,3185,97,31,6,191140,4
917,b1603,20150423,3251,3185,0,0,0,3240,3240,55,55,0,0,4
918,b1603,20150424,3240,3240,0,0,0,3240,3240,0,0,0,0,4
919,b1603,20150427,3240,3240,0,0,0,3240,3240,0,0,0,0,4
920,b1603,20150428,3240,3240,0,0,0,3240,3240,0,0,0,0,4
921,b1603,20150429,3240,3240,0,0,0,3240,3240,0,0,0,0,4
922,b1603,20150430,3240,3240,3280,3280,3270,3270,3278,30,38,10,327800,14
923,b1603,20150504,3270,3278,3264,3264,3264,3264,3264,-14,-14,2,65280,12
924,b1603,20150505,3264,3264,0,0,0,3264,3264,0,0,0,0,12
925,b1603,20150506,3264,3264,3261,3261,3261,3261,3261,-3,-3,2,65220,10
926,b1603,20150507,3261,3261,0,0,0,3261,3261,0,0,0,0,10
927,b1603,20150508,3261,3261,0,0,0,3261,3261,0,0,0,0,10
928,b1603,20150511,3261,3261,0,0,0,3261,3261,0,0,0,0,10
929,b1603,20150512,3261,3261,0,0,0,3261,3261,0,0,0,0,10
930,b1603,20150513,3261,3261,3205,3391,3204,3204,3270,-57,9,8,261600,12
931,b1603,20150514,3204,3270,3280,3280,3280,3280,3280,10,10,2,65600,12
932,b1603,20150515,3280,3280,0,0,0,3250,3250,-30,-30,0,0,12
933,b1603,20150518,3250,3250,0,0,0,3250,3250,0,0,0,0,12
934,b1603,20150519,3250,3250,0,0,0,3250,3250,0,0,0,0,12
935,b1603,20150520,3250,3250,0,0,0,3250,3250,0,0,0,0,12
936,b1603,20150521,3250,3250,0,0,0,3199,3199,-51,-51,0,0,12
937,b1603,20150522,3199,3199,0,0,0,3199,3199,0,0,0,0,12
938,b1603,20150525,3199,3199,3073,3282,3073,3282,3177,83,-22,4,127100,12
939,b1603,20150526,3282,3177,0,0,0,3177,3177,0,0,0,0,12
940,b1603,20150527,3177,3177,0,0,0,3172,3172,-5,-5,0,0,12
941,b1603,20150528,3172,3172,0,0,0,3174,3174,2,2,0,0,12
942,b1603,20150529,3174,3174,0,0,0,3174,3174,0,0,0,0,12
943,b1603,20150601,3174,3174,0,0,0,3174,3174,0,0,0,0,12
944,b1603,20150602,3174,3174,0,0,0,3166,3166,-8,-8,0,0,12
945,b1603,20150603,3166,3166,0,0,0,3166,3166,0,0,0,0,12
946,b1603,20150604,3166,3166,3209,3209,3051,3123,3127,-43,-39,6,187660,12
947,b1603,20150605,3123,3127,0,0,0,3132,3132,5,5,0,0,12
948,b1603,20150608,3132,3132,0,0,0,3132,3132,0,0,0,0,12
949,b1603,20150609,3132,3132,0,0,0,3132,3132,0,0,0,0,12
950,b1603,20150610,3132,3132,0,0,0,3132,3132,0,0,0,0,12
951,b1603,20150611,3132,3132,0,0,0,3132,3132,0,0,0,0,12
952,b1603,20150612,3132,3132,3100,3220,3080,3220,3158,88,26,22,694840,14
953,b1603,20150615,3220,3158,0,0,0,3158,3158,0,0,0,0,14
954,b1603,20150616,3158,3158,0,0,0,3160,3160,2,2,0,0,14
955,b1603,20150617,3160,3160,0,0,0,3163,3163,3,3,0,0,14
956,b1603,20150618,3163,3163,0,0,0,3170,3170,7,7,0,0,14
957,b1603,20150619,3170,3170,0,0,0,3170,3170,0,0,0,0,14
958,b1603,20150623,3170,3170,3070,3245,3070,3239,3165,69,-5,12,379880,14
959,b1603,20150624,3239,3165,0,0,0,3166,3166,1,1,0,0,14
960,b1603,20150625,3166,3166,3167,3167,3167,3167,3167,1,1,2,63340,12
961,b1603,20150626,3167,3167,3289,3293,3086,3240,3197,73,30,44,1406960,12
962,b1603,20150629,3240,3197,0,0,0,3197,3197,0,0,0,0,12
963,b1603,20150630,3197,3197,3176,3300,3176,3176,3217,-21,20,6,193040,12
964,b1603,20150701,3176,3217,3176,3250,3176,3191,3205,-26,-12,6,192340,12
965,b1603,20150702,3191,3205,0,0,0,3205,3205,0,0,0,0,12
966,b1603,20150703,3205,3205,3250,3250,3206,3206,3228,1,23,4,129120,12
967,b1603,20150706,3206,3228,0,0,0,3228,3228,0,0,0,0,12
968,b1603,20150707,3228,3228,0,0,0,3228,3228,0,0,0,0,12
969,b1603,20150708,3228,3228,3175,3175,3105,3105,3140,-123,-88,4,125600,10
970,b1603,20150709,3105,3140,0,0,0,3140,3140,0,0,0,0,10
971,b1603,20150710,3140,3140,3250,3250,3250,3250,3250,110,110,2,65000,10
972,b1603,20150713,3250,3250,3299,3299,3120,3120,3154,-130,-96,18,567840,0
973,b1603,20150714,3120,3154,0,0,0,3154,3154,0,0,0,0,0
974,b1603,20150715,3154,3154,0,0,0,3151,3151,-3,-3,0,0,0
975,b1603,20150716,3151,3151,0,0,0,3151,3151,0,0,0,0,0
976,b1603,20150717,3151,3151,0,0,0,3095,3095,-56,-56,0,0,0
977,b1603,20150720,3095,3095,0,0,0,3102,3102,7,7,0,0,0
978,b1603,20150721,3102,3102,0,0,0,3106,3106,4,4,0,0,0
979,b1603,20150722,3106,3106,0,0,0,3092,3092,-14,-14,0,0,0
980,b1603,20150723,3092,3092,0,0,0,3102,3102,10,10,0,0,0
981,b1603,20150724,3102,3102,0,0,0,3089,3089,-13,-13,0,0,0
982,b1603,20150727,3089,3089,3100,3199,3100,3199,3149,110,60,4,125980,2
983,b1603,20150728,3199,3149,0,0,0,3149,3149,0,0,0,0,2
984,b1603,20150729,3149,3149,0,0,0,3149,3149,0,0,0,0,2
985,b1603,20150730,3149,3149,3272,3272,3272,3272,3272,123,123,2,65440,4
986,b1603,20150731,3272,3272,3217,3217,3195,3195,3206,-77,-66,4,128240,2
987,b1603,20150803,3195,3206,0,0,0,3206,3206,0,0,0,0,2
988,b1603,20150804,3206,3206,0,0,0,3206,3206,0,0,0,0,2
989,b1603,20150805,3206,3206,0,0,0,3206,3206,0,0,0,0,2
990,b1603,20150806,3206,3206,0,0,0,3206,3206,0,0,0,0,2
991,b1603,20150807,3206,3206,0,0,0,3200,3200,-6,-6,0,0,2
992,b1603,20150810,3200,3200,0,0,0,3200,3200,0,0,0,0,2
993,b1603,20150811,3200,3200,0,0,0,3200,3200,0,0,0,0,2
994,b1603,20150812,3200,3200,0,0,0,3234,3234,34,34,0,0,2
995,b1603,20150813,3234,3234,0,0,0,3234,3234,0,0,0,0,2
996,b1603,20150814,3234,3234,3200,3200,3200,3200,3200,-34,-34,2,64000,2
997,b1603,20150817,3200,3200,3250,3250,3250,3250,3250,50,50,2,65000,4
998,b1603,20150818,3250,3250,3161,3161,3161,3161,3161,-89,-89,2,63220,2
999,b1603,20150819,3161,3161,0,0,0,3161,3161,0,0,0,0,2
1000,b1603,20150820,3161,3161,0,0,0,3163,3163,2,2,0,0,2
1001,b1603,20150821,3163,3163,0,0,0,3163,3163,0,0,0,0,2
1002,b1603,20150824,3163,3163,0,0,0,3163,3163,0,0,0,0,2
1003,b1603,20150825,3163,3163,0,0,0,3163,3163,0,0,0,0,2
1004,b1603,20150826,3163,3163,3070,3070,3070,3070,3070,-93,-93,2,61400,0
1005,b1603,20150827,3070,3070,0,0,0,3070,3070,0,0,0,0,0
1006,b1603,20150828,3070,3070,0,0,0,3070,3070,0,0,0,0,0
1007,b1603,20150831,3070,3070,0,0,0,3064,3064,-6,-6,0,0,0
1008,b1603,20150901,3064,3064,0,0,0,3091,3091,27,27,0,0,0
1009,b1603,20150902,3091,3091,0,0,0,3100,3100,9,9,0,0,0
1010,b1603,20150907,3100,3100,0,0,0,3101,3101,1,1,0,0,0
1011,b1603,20150908,3101,3101,0,0,0,3101,3101,0,0,0,0,0
1012,b1603,20150909,3101,3101,0,0,0,3133,3133,32,32,0,0,0
1013,b1603,20150910,3133,3133,0,0,0,3133,3133,0,0,0,0,0
1014,b1603,20150911,3133,3133,0,0,0,3133,3133,0,0,0,0,0
1015,b1603,20150914,3133,3133,0,0,0,3133,3133,0,0,0,0,0
1016,b1603,20150915,3133,3133,0,0,0,3133,3133,0,0,0,0,0
1017,b1603,20150916,3133,3133,0,0,0,3112,3112,-21,-21,0,0,0
1018,b1603,20150917,3112,3112,0,0,0,3164,3164,52,52,0,0,0
1019,b1603,20150918,3164,3164,0,0,0,3164,3164,0,0,0,0,0
1020,b1603,20150921,3164,3164,0,0,0,3164,3164,0,0,0,0,0
1021,b1603,20150922,3164,3164,0,0,0,3164,3164,0,0,0,0,0
1022,b1603,20150923,3164,3164,0,0,0,3164,3164,0,0,0,0,0
1023,b1603,20150924,3164,3164,0,0,0,3106,3106,-58,-58,0,0,0
1024,b1603,20150925,3106,3106,0,0,0,3106,3106,0,0,0,0,0
1025,b1603,20150928,3106,3106,0,0,0,3106,3106,0,0,0,0,0
1026,b1603,20150929,3106,3106,0,0,0,3106,3106,0,0,0,0,0
1027,b1603,20150930,3106,3106,0,0,0,3106,3106,0,0,0,0,0
1028,b1603,20151008,3106,3106,0,0,0,3105,3105,-1,-1,0,0,0
1029,b1603,20151009,3105,3105,0,0,0,3105,3105,0,0,0,0,0
1030,b1603,20151012,3105,3105,0,0,0,3105,3105,0,0,0,0,0
1031,b1603,20151013,3105,3105,0,0,0,3105,3105,0,0,0,0,0
1032,b1603,20151014,3105,3105,0,0,0,3105,3105,0,0,0,0,0
1033,b1603,20151015,3105,3105,0,0,0,3087,3087,-18,-18,0,0,0
1034,b1603,20151016,3087,3087,0,0,0,3087,3087,0,0,0,0,0
1035,b1603,20151019,3087,3087,0,0,0,2965,2965,-122,-122,0,0,0
1036,b1603,20151020,2965,2965,0,0,0,2965,2965,0,0,0,0,0
1037,b1603,20151021,2965,2965,0,0,0,2965,2965,0,0,0,0,0
1038,b1603,20151022,2965,2965,0,0,0,2944,2944,-21,-21,0,0,0
1039,b1603,20151023,2944,2944,0,0,0,2981,2981,37,37,0,0,0
1040,b1603,20151026,2981,2981,0,0,0,2977,2977,-4,-4,0,0,0
1041,b1603,20151027,2977,2977,0,0,0,3003,3003,26,26,0,0,0
1042,b1603,20151028,3003,3003,0,0,0,2957,2957,-46,-46,0,0,0
1043,b1603,20151029,2957,2957,2840,3075,2840,3075,3003,118,46,10,300320,2
1044,b1603,20151030,3075,3003,3183,3183,3183,3183,3183,180,180,2,63660,0
1045,b1603,20151102,3183,3183,0,0,0,3270,3270,87,87,0,0,0
1046,b1603,20151103,3270,3270,0,0,0,3250,3250,-20,-20,0,0,0
1047,b1603,20151104,3250,3250,0,0,0,3250,3250,0,0,0,0,0
1048,b1603,20151105,3250,3250,0,0,0,3240,3240,-10,-10,0,0,0
1049,b1603,20151106,3240,3240,0,0,0,3240,3240,0,0,0,0,0
1050,b1603,20151109,3240,3240,0,0,0,3240,3240,0,0,0,0,0
1051,b1603,20151110,3240,3240,0,0,0,3240,3240,0,0,0,0,0
1052,b1603,20151111,3240,3240,0,0,0,3230,3230,-10,-10,0,0,0
1053,b1603,20151112,3230,3230,0,0,0,3230,3230,0,0,0,0,0
1054,b1603,20151113,3230,3230,0,0,0,3230,3230,0,0,0,0,0
1055,b1603,20151116,3230,3230,0,0,0,3230,3230,0,0,0,0,0
1056,b1603,20151117,3230,3230,0,0,0,3230,3230,0,0,0,0,0
1057,b1603,20151118,3230,3230,0,0,0,3230,3230,0,0,0,0,0
1058,b1603,20151119,3230,3230,0,0,0,3230,3230,0,0,0,0,0
1059,b1603,20151120,3230,3230,0,0,0,3259,3259,29,29,0,0,0
1060,b1603,20151123,3259,3259,0,0,0,3247,3247,-12,-12,0,0,0
1061,b1603,20151124,3247,3247,0,0,0,3247,3247,0,0,0,0,0
1062,b1603,20151125,3247,3247,0,0,0,3247,3247,0,0,0,0,0
1063,b1603,20151126,3247,3247,0,0,0,3247,3247,0,0,0,0,0
1064,b1603,20151127,3247,3247,0,0,0,3247,3247,0,0,0,0,0
1065,b1603,20151130,3247,3247,0,0,0,3247,3247,0,0,0,0,0
1066,b1603,20151201,3247,3247,0,0,0,3247,3247,0,0,0,0,0
1067,b1603,20151202,3247,3247,0,0,0,3247,3247,0,0,0,0,0
1068,b1603,20151203,3247,3247,0,0,0,3247,3247,0,0,0,0,0
1069,b1603,20151204,3247,3247,0,0,0,3247,3247,0,0,0,0,0
1070,b1603,20151207,3247,3247,0,0,0,3247,3247,0,0,0,0,0
1071,b1603,20151208,3247,3247,0,0,0,3247,3247,0,0,0,0,0
1072,b1603,20151209,3247,3247,0,0,0,3247,3247,0,0,0,0,0
1073,b1603,20151210,3247,3247,0,0,0,3247,3247,0,0,0,0,0
1074,b1603,20151211,3247,3247,0,0,0,3261,3261,14,14,0,0,0
1075,b1603,20151214,3261,3261,0,0,0,3261,3261,0,0,0,0,0
1076,b1603,20151215,3261,3261,0,0,0,3261,3261,0,0,0,0,0
1077,b1603,20151216,3261,3261,0,0,0,3261,3261,0,0,0,0,0
1078,b1603,20151217,3261,3261,0,0,0,3261,3261,0,0,0,0,0
1079,b1603,20151218,3261,3261,0,0,0,3261,3261,0,0,0,0,0
1080,b1603,20151221,3261,3261,0,0,0,3197,3197,-64,-64,0,0,0
1081,b1603,20151222,3197,3197,0,0,0,3197,3197,0,0,0,0,0
1082,b1603,20151223,3197,3197,0,0,0,3197,3197,0,0,0,0,0
1083,b1603,20151224,3197,3197,0,0,0,3197,3197,0,0,0,0,0
1084,b1603,20151225,3197,3197,0,0,0,3197,3197,0,0,0,0,0
1085,b1603,20151228,3197,3197,0,0,0,3197,3197,0,0,0,0,0
1086,b1603,20151229,3197,3197,0,0,0,3197,3197,0,0,0,0,0
1087,b1603,20151230,3197,3197,0,0,0,3197,3197,0,0,0,0,0
1088,b1603,20151231,3197,3197,0,0,0,3197,3197,0,0,0,0,0
1089,b1605,20150518,3224,3224,0,0,0,3219,3219,-5,-5,0,0,0
1090,b1605,20150519,3219,3219,0,0,0,3219,3219,0,0,0,0,0
1091,b1605,20150520,3219,3219,0,0,0,3152,3152,-67,-67,0,0,0
1092,b1605,20150521,3152,3152,0,0,0,3122,3122,-30,-30,0,0,0
1093,b1605,20150522,3122,3122,0,0,0,3167,3167,45,45,0,0,0
1094,b1605,20150525,3167,3167,0,0,0,3146,3146,-21,-21,0,0,0
1095,b1605,20150526,3146,3146,0,0,0,3141,3141,-5,-5,0,0,0
1096,b1605,20150527,3141,3141,0,0,0,3136,3136,-5,-5,0,0,0
1097,b1605,20150528,3136,3136,0,0,0,3136,3136,0,0,0,0,0
1098,b1605,20150529,3136,3136,0,0,0,3136,3136,0,0,0,0,0
1099,b1605,20150601,3136,3136,0,0,0,3137,3137,1,1,0,0,0
1100,b1605,20150602,3137,3137,0,0,0,3137,3137,0,0,0,0,0
1101,b1605,20150603,3137,3137,0,0,0,3137,3137,0,0,0,0,0
1102,b1605,20150604,3137,3137,0,0,0,3137,3137,0,0,0,0,0
1103,b1605,20150605,3137,3137,0,0,0,3137,3137,0,0,0,0,0
1104,b1605,20150608,3137,3137,0,0,0,3137,3137,0,0,0,0,0
1105,b1605,20150609,3137,3137,0,0,0,3137,3137,0,0,0,0,0
1106,b1605,20150610,3137,3137,0,0,0,3137,3137,0,0,0,0,0
1107,b1605,20150611,3137,3137,0,0,0,3137,3137,0,0,0,0,0
1108,b1605,20150612,3137,3137,3000,3225,3000,3225,3108,88,-29,6,186500,2
1109,b1605,20150615,3225,3108,0,0,0,3108,3108,0,0,0,0,2
1110,b1605,20150616,3108,3108,3000,3000,3000,3000,3000,-108,-108,2,60000,0
1111,b1605,20150617,3000,3000,0,0,0,3003,3003,3,3,0,0,0
1112,b1605,20150618,3003,3003,0,0,0,3010,3010,7,7,0,0,0
1113,b1605,20150619,3010,3010,0,0,0,3003,3003,-7,-7,0,0,0
1114,b1605,20150623,3003,3003,0,0,0,2999,2999,-4,-4,0,0,0
1115,b1605,20150624,2999,2999,0,0,0,3035,3035,36,36,0,0,0
1116,b1605,20150625,3035,3035,0,0,0,3035,3035,0,0,0,0,0
1117,b1605,20150626,3035,3035,0,0,0,3063,3063,28,28,0,0,0
1118,b1605,20150629,3063,3063,0,0,0,3044,3044,-19,-19,0,0,0
1119,b1605,20150630,3044,3044,0,0,0,3063,3063,19,19,0,0,0
1120,b1605,20150701,3063,3063,0,0,0,3052,3052,-11,-11,0,0,0
1121,b1605,20150702,3052,3052,0,0,0,3044,3044,-8,-8,0,0,0
1122,b1605,20150703,3044,3044,0,0,0,3065,3065,21,21,0,0,0
1123,b1605,20150706,3065,3065,0,0,0,3093,3093,28,28,0,0,0
1124,b1605,20150707,3093,3093,0,0,0,3034,3034,-59,-59,0,0,0
1125,b1605,20150708,3034,3034,0,0,0,2952,2952,-82,-82,0,0,0
1126,b1605,20150709,2952,2952,0,0,0,2937,2937,-15,-15,0,0,0
1127,b1605,20150710,2937,2937,0,0,0,3054,3054,117,117,0,0,0
1128,b1605,20150713,3054,3054,0,0,0,3054,3054,0,0,0,0,0
1129,b1605,20150714,3054,3054,0,0,0,3090,3090,36,36,0,0,0
1130,b1605,20150715,3090,3090,0,0,0,3090,3090,0,0,0,0,0
1131,b1605,20150716,3090,3090,0,0,0,3090,3090,0,0,0,0,0
1132,b1605,20150717,3090,3090,0,0,0,3035,3035,-55,-55,0,0,0
1133,b1605,20150720,3035,3035,0,0,0,3042,3042,7,7,0,0,0
1134,b1605,20150721,3042,3042,0,0,0,3046,3046,4,4,0,0,0
1135,b1605,20150722,3046,3046,0,0,0,3032,3032,-14,-14,0,0,0
1136,b1605,20150723,3032,3032,0,0,0,3042,3042,10,10,0,0,0
1137,b1605,20150724,3042,3042,0,0,0,3029,3029,-13,-13,0,0,0
1138,b1605,20150727,3029,3029,0,0,0,3087,3087,58,58,0,0,0
1139,b1605,20150728,3087,3087,0,0,0,3087,3087,0,0,0,0,0
1140,b1605,20150729,3087,3087,0,0,0,3121,3121,34,34,0,0,0
1141,b1605,20150730,3121,3121,0,0,0,3242,3242,121,121,0,0,0
1142,b1605,20150731,3242,3242,0,0,0,3177,3177,-65,-65,0,0,0
1143,b1605,20150803,3177,3177,0,0,0,3169,3169,-8,-8,0,0,0
1144,b1605,20150804,3169,3169,0,0,0,3204,3204,35,35,0,0,0
1145,b1605,20150805,3204,3204,0,0,0,3207,3207,3,3,0,0,0
1146,b1605,20150806,3207,3207,0,0,0,3141,3141,-66,-66,0,0,0
1147,b1605,20150807,3141,3141,0,0,0,3145,3145,4,4,0,0,0
1148,b1605,20150810,3145,3145,0,0,0,3174,3174,29,29,0,0,0
1149,b1605,20150811,3174,3174,0,0,0,3173,3173,-1,-1,0,0,0
1150,b1605,20150812,3173,3173,0,0,0,3173,3173,0,0,0,0,0
1151,b1605,20150813,3173,3173,0,0,0,3094,3094,-79,-79,0,0,0
1152,b1605,20150814,3094,3094,0,0,0,3101,3101,7,7,0,0,0
1153,b1605,20150817,3101,3101,0,0,0,3136,3136,35,35,0,0,0
1154,b1605,20150818,3136,3136,0,0,0,3051,3051,-85,-85,0,0,0
1155,b1605,20150819,3051,3051,0,0,0,3047,3047,-4,-4,0,0,0
1156,b1605,20150820,3047,3047,3047,3047,3047,3047,3047,0,0,6,182820,6
1157,b1605,20150821,3047,3047,0,0,0,3023,3023,-24,-24,0,0,6
1158,b1605,20150824,3023,3023,0,0,0,3038,3038,15,15,0,0,6
1159,b1605,20150825,3038,3038,0,0,0,3100,3100,62,62,0,0,6
1160,b1605,20150826,3100,3100,3200,3200,3100,3100,3150,0,50,4,126000,6
1161,b1605,20150827,3100,3150,0,0,0,3150,3150,0,0,0,0,6
1162,b1605,20150828,3150,3150,0,0,0,3150,3150,0,0,0,0,6
1163,b1605,20150831,3150,3150,0,0,0,3150,3150,0,0,0,0,6
1164,b1605,20150901,3150,3150,0,0,0,3150,3150,0,0,0,0,6
1165,b1605,20150902,3150,3150,0,0,0,3150,3150,0,0,0,0,6
1166,b1605,20150907,3150,3150,0,0,0,3150,3150,0,0,0,0,6
1167,b1605,20150908,3150,3150,3250,3250,3071,3071,3180,-79,30,16,508860,10
1168,b1605,20150909,3071,3180,3122,3170,3115,3170,3144,-10,-36,8,251540,8
1169,b1605,20150910,3170,3144,3166,3166,3166,3166,3166,22,22,2,63320,8
1170,b1605,20150911,3166,3166,0,0,0,3166,3166,0,0,0,0,8
1171,b1605,20150914,3166,3166,0,0,0,3166,3166,0,0,0,0,8
1172,b1605,20150915,3166,3166,0,0,0,3166,3166,0,0,0,0,8
1173,b1605,20150916,3166,3166,0,0,0,3166,3166,0,0,0,0,8
1174,b1605,20150917,3166,3166,0,0,0,3166,3166,0,0,0,0,8
1175,b1605,20150918,3166,3166,0,0,0,3166,3166,0,0,0,0,8
1176,b1605,20150921,3166,3166,0,0,0,3166,3166,0,0,0,0,8
1177,b1605,20150922,3166,3166,0,0,0,3166,3166,0,0,0,0,8
1178,b1605,20150923,3166,3166,3040,3178,3040,3090,3102,-76,-64,8,248160,10
1179,b1605,20150924,3090,3102,0,0,0,3102,3102,0,0,0,0,10
1180,b1605,20150925,3102,3102,0,0,0,3102,3102,0,0,0,0,10
1181,b1605,20150928,3102,3102,3041,3145,3041,3100,3102,-2,0,8,248220,8
1182,b1605,20150929,3100,3102,3120,3200,3072,3092,3107,-10,5,16,497160,8
1183,b1605,20150930,3092,3107,0,0,0,3107,3107,0,0,0,0,8
1184,b1605,20151008,3107,3107,0,0,0,3107,3107,0,0,0,0,8
1185,b1605,20151009,3107,3107,0,0,0,3107,3107,0,0,0,0,8
1186,b1605,20151012,3107,3107,3231,3231,3231,3231,3231,124,124,2,64620,6
1187,b1605,20151013,3231,3231,0,0,0,3231,3231,0,0,0,0,6
1188,b1605,20151014,3231,3231,0,0,0,3231,3231,0,0,0,0,6
1189,b1605,20151015,3231,3231,0,0,0,3231,3231,0,0,0,0,6
1190,b1605,20151016,3231,3231,0,0,0,3231,3231,0,0,0,0,6
1191,b1605,20151019,3231,3231,0,0,0,3103,3103,-128,-128,0,0,6
1192,b1605,20151020,3103,3103,0,0,0,3103,3103,0,0,0,0,6
1193,b1605,20151021,3103,3103,3019,3019,3018,3018,3018,-85,-85,4,120740,8
1194,b1605,20151022,3018,3018,3113,3138,3113,3138,3125,120,107,4,125020,6
1195,b1605,20151023,3138,3125,0,0,0,3125,3125,0,0,0,0,6
1196,b1605,20151026,3125,3125,0,0,0,3125,3125,0,0,0,0,6
1197,b1605,20151027,3125,3125,0,0,0,3125,3125,0,0,0,0,6
1198,b1605,20151028,3125,3125,3046,3245,3046,3151,3147,26,22,6,188840,8
1199,b1605,20151029,3151,3147,3164,3164,3164,3164,3164,17,17,2,63280,6
1200,b1605,20151030,3164,3164,0,0,0,3164,3164,0,0,0,0,6
1201,b1605,20151102,3164,3164,0,0,0,3164,3164,0,0,0,0,6
1202,b1605,20151103,3164,3164,0,0,0,3164,3164,0,0,0,0,6
1203,b1605,20151104,3164,3164,0,0,0,3164,3164,0,0,0,0,6
1204,b1605,20151105,3164,3164,0,0,0,3155,3155,-9,-9,0,0,6
1205,b1605,20151106,3155,3155,3156,3200,3156,3200,3172,45,17,22,697920,6
1206,b1605,20151109,3200,3172,0,0,0,3180,3180,8,8,0,0,6
1207,b1605,20151110,3180,3180,0,0,0,3180,3180,0,0,0,0,6
1208,b1605,20151111,3180,3180,0,0,0,3180,3180,0,0,0,0,6
1209,b1605,20151112,3180,3180,0,0,0,3181,3181,1,1,0,0,6
1210,b1605,20151113,3181,3181,0,0,0,3181,3181,0,0,0,0,6
1211,b1605,20151116,3181,3181,3308,3308,3182,3182,3245,1,64,4,129800,6
1212,b1605,20151117,3182,3245,0,0,0,3245,3245,0,0,0,0,6
1213,b1605,20151118,3245,3245,0,0,0,3245,3245,0,0,0,0,6
1214,b1605,20151119,3245,3245,3130,3274,3130,3151,3202,-94,-43,48,1537380,8
1215,b1605,20151120,3151,3202,3180,3250,3160,3250,3196,48,-6,6,191800,8
1216,b1605,20151123,3250,3196,0,0,0,3196,3196,0,0,0,0,8
1217,b1605,20151124,3196,3196,0,0,0,3196,3196,0,0,0,0,8
1218,b1605,20151125,3196,3196,0,0,0,3196,3196,0,0,0,0,8
1219,b1605,20151126,3196,3196,3270,3270,3206,3206,3251,10,55,12,390220,4
1220,b1605,20151127,3206,3251,0,0,0,3251,3251,0,0,0,0,4
1221,b1605,20151130,3251,3251,3152,3200,3152,3200,3176,-51,-75,4,127040,4
1222,b1605,20151201,3200,3176,3220,3220,3220,3220,3220,44,44,2,64400,4
1223,b1605,20151202,3220,3220,0,0,0,3240,3240,20,20,0,0,4
1224,b1605,20151203,3240,3240,0,0,0,3240,3240,0,0,0,0,4
1225,b1605,20151204,3240,3240,0,0,0,3240,3240,0,0,0,0,4
1226,b1605,20151207,3240,3240,0,0,0,3240,3240,0,0,0,0,4
1227,b1605,20151208,3240,3240,0,0,0,3240,3240,0,0,0,0,4
1228,b1605,20151209,3240,3240,0,0,0,3240,3240,0,0,0,0,4
1229,b1605,20151210,3240,3240,3200,3295,3200,3250,3248,10,8,6,194900,6
1230,b1605,20151211,3250,3248,0,0,0,3260,3260,12,12,0,0,6
1231,b1605,20151214,3260,3260,0,0,0,3260,3260,0,0,0,0,6
1232,b1605,20151215,3260,3260,0,0,0,3260,3260,0,0,0,0,6
1233,b1605,20151216,3260,3260,0,0,0,3260,3260,0,0,0,0,6
1234,b1605,20151217,3260,3260,0,0,0,3260,3260,0,0,0,0,6
1235,b1605,20151218,3260,3260,0,0,0,3260,3260,0,0,0,0,6
1236,b1605,20151221,3260,3260,3390,3390,3295,3295,3346,35,86,14,468500,8
1237,b1605,20151222,3295,3346,3225,3225,3225,3225,3225,-121,-121,2,64500,8
1238,b1605,20151223,3225,3225,0,0,0,3225,3225,0,0,0,0,8
1239,b1605,20151224,3225,3225,0,0,0,3225,3225,0,0,0,0,8
1240,b1605,20151225,3225,3225,0,0,0,3225,3225,0,0,0,0,8
1241,b1605,20151228,3225,3225,3250,3250,3250,3250,3250,25,25,2,65000,8
1242,b1605,20151229,3250,3250,0,0,0,3250,3250,0,0,0,0,8
1243,b1605,20151230,3250,3250,0,0,0,3250,3250,0,0,0,0,8
1244,b1605,20151231,3250,3250,3275,3275,3275,3275,3275,25,25,2,65500,8
1245,b1607,20150715,3097,3097,0,0,0,3094,3094,-3,-3,0,0,0
1246,b1607,20150716,3094,3094,0,0,0,3099,3099,5,5,0,0,0
1247,b1607,20150717,3099,3099,0,0,0,3044,3044,-55,-55,0,0,0
1248,b1607,20150720,3044,3044,0,0,0,3051,3051,7,7,0,0,0
1249,b1607,20150721,3051,3051,0,0,0,3055,3055,4,4,0,0,0
1250,b1607,20150722,3055,3055,0,0,0,3041,3041,-14,-14,0,0,0
1251,b1607,20150723,3041,3041,0,0,0,3051,3051,10,10,0,0,0
1252,b1607,20150724,3051,3051,0,0,0,3038,3038,-13,-13,0,0,0
1253,b1607,20150727,3038,3038,0,0,0,3038,3038,0,0,0,0,0
1254,b1607,20150728,3038,3038,0,0,0,3038,3038,0,0,0,0,0
1255,b1607,20150729,3038,3038,0,0,0,3071,3071,33,33,0,0,0
1256,b1607,20150730,3071,3071,0,0,0,3071,3071,0,0,0,0,0
1257,b1607,20150731,3071,3071,0,0,0,3071,3071,0,0,0,0,0
1258,b1607,20150803,3071,3071,0,0,0,3063,3063,-8,-8,0,0,0
1259,b1607,20150804,3063,3063,0,0,0,3097,3097,34,34,0,0,0
1260,b1607,20150805,3097,3097,0,0,0,3100,3100,3,3,0,0,0
1261,b1607,20150806,3100,3100,3347,3347,3186,3186,3266,86,166,4,130660,2
1262,b1607,20150807,3186,3266,3364,3364,3202,3204,3275,-62,9,90,2948280,4
1263,b1607,20150810,3204,3275,3250,3250,3250,3250,3250,-25,-25,2,65000,6
1264,b1607,20150811,3250,3250,0,0,0,3250,3250,0,0,0,0,6
1265,b1607,20150812,3250,3250,0,0,0,3220,3220,-30,-30,0,0,6
1266,b1607,20150813,3220,3220,0,0,0,3220,3220,0,0,0,0,6
1267,b1607,20150814,3220,3220,3215,3215,3211,3211,3213,-9,-7,4,128520,6
1268,b1607,20150817,3211,3213,0,0,0,3213,3213,0,0,0,0,6
1269,b1607,20150818,3213,3213,0,0,0,3126,3126,-87,-87,0,0,6
1270,b1607,20150819,3126,3126,0,0,0,3126,3126,0,0,0,0,6
1271,b1607,20150820,3126,3126,0,0,0,3160,3160,34,34,0,0,6
1272,b1607,20150821,3160,3160,0,0,0,3160,3160,0,0,0,0,6
1273,b1607,20150824,3160,3160,0,0,0,3160,3160,0,0,0,0,6
1274,b1607,20150825,3160,3160,3250,3250,3165,3240,3205,80,45,8,256400,4
1275,b1607,20150826,3240,3205,0,0,0,3205,3205,0,0,0,0,4
1276,b1607,20150827,3205,3205,0,0,0,3205,3205,0,0,0,0,4
1277,b1607,20150828,3205,3205,3150,3150,3150,3150,3150,-55,-55,2,63000,2
1278,b1607,20150831,3150,3150,0,0,0,3150,3150,0,0,0,0,2
1279,b1607,20150901,3150,3150,0,0,0,3150,3150,0,0,0,0,2
1280,b1607,20150902,3150,3150,0,0,0,3152,3152,2,2,0,0,2
1281,b1607,20150907,3152,3152,0,0,0,3152,3152,0,0,0,0,2
1282,b1607,20150908,3152,3152,0,0,0,3152,3152,0,0,0,0,2
1283,b1607,20150909,3152,3152,0,0,0,3170,3170,18,18,0,0,2
1284,b1607,20150910,3170,3170,0,0,0,3170,3170,0,0,0,0,2
1285,b1607,20150911,3170,3170,0,0,0,3170,3170,0,0,0,0,2
1286,b1607,20150914,3170,3170,0,0,0,3170,3170,0,0,0,0,2
1287,b1607,20150915,3170,3170,0,0,0,3170,3170,0,0,0,0,2
1288,b1607,20150916,3170,3170,0,0,0,3170,3170,0,0,0,0,2
1289,b1607,20150917,3170,3170,0,0,0,3170,3170,0,0,0,0,2
1290,b1607,20150918,3170,3170,0,0,0,3170,3170,0,0,0,0,2
1291,b1607,20150921,3170,3170,0,0,0,3170,3170,0,0,0,0,2
1292,b1607,20150922,3170,3170,0,0,0,3170,3170,0,0,0,0,2
1293,b1607,20150923,3170,3170,0,0,0,3170,3170,0,0,0,0,2
1294,b1607,20150924,3170,3170,0,0,0,3170,3170,0,0,0,0,2
1295,b1607,20150925,3170,3170,0,0,0,3170,3170,0,0,0,0,2
1296,b1607,20150928,3170,3170,0,0,0,3170,3170,0,0,0,0,2
1297,b1607,20150929,3170,3170,0,0,0,3175,3175,5,5,0,0,2
1298,b1607,20150930,3175,3175,0,0,0,3175,3175,0,0,0,0,2
1299,b1607,20151008,3175,3175,0,0,0,3173,3173,-2,-2,0,0,2
1300,b1607,20151009,3173,3173,0,0,0,3173,3173,0,0,0,0,2
1301,b1607,20151012,3173,3173,0,0,0,3299,3299,126,126,0,0,2
1302,b1607,20151013,3299,3299,0,0,0,3299,3299,0,0,0,0,2
1303,b1607,20151014,3299,3299,0,0,0,3299,3299,0,0,0,0,2
1304,b1607,20151015,3299,3299,0,0,0,3280,3280,-19,-19,0,0,2
1305,b1607,20151016,3280,3280,0,0,0,3280,3280,0,0,0,0,2
1306,b1607,20151019,3280,3280,0,0,0,3150,3150,-130,-130,0,0,2
1307,b1607,20151020,3150,3150,0,0,0,3150,3150,0,0,0,0,2
1308,b1607,20151021,3150,3150,3024,3050,3024,3050,3037,-100,-113,4,121480,0
1309,b1607,20151022,3050,3037,0,0,0,3144,3144,107,107,0,0,0
1310,b1607,20151023,3144,3144,0,0,0,3184,3184,40,40,0,0,0
1311,b1607,20151026,3184,3184,0,0,0,3179,3179,-5,-5,0,0,0
1312,b1607,20151027,3179,3179,0,0,0,3179,3179,0,0,0,0,0
1313,b1607,20151028,3179,3179,0,0,0,3201,3201,22,22,0,0,0
1314,b1607,20151029,3201,3201,0,0,0,3218,3218,17,17,0,0,0
1315,b1607,20151030,3218,3218,0,0,0,3346,3346,128,128,0,0,0
1316,b1607,20151102,3346,3346,0,0,0,3437,3437,91,91,0,0,0
1317,b1607,20151103,3437,3437,0,0,0,3437,3437,0,0,0,0,0
1318,b1607,20151104,3437,3437,0,0,0,3437,3437,0,0,0,0,0
1319,b1607,20151105,3437,3437,0,0,0,3427,3427,-10,-10,0,0,0
1320,b1607,20151106,3427,3427,0,0,0,3445,3445,18,18,0,0,0
1321,b1607,20151109,3445,3445,0,0,0,3450,3450,5,5,0,0,0
1322,b1607,20151110,3450,3450,0,0,0,3450,3450,0,0,0,0,0
1323,b1607,20151111,3450,3450,0,0,0,3450,3450,0,0,0,0,0
1324,b1607,20151112,3450,3450,0,0,0,3450,3450,0,0,0,0,0
1325,b1607,20151113,3450,3450,0,0,0,3312,3312,-138,-138,0,0,0
1326,b1607,20151116,3312,3312,0,0,0,3378,3378,66,66,0,0,0
1327,b1607,20151117,3378,3378,0,0,0,3337,3337,-41,-41,0,0,0
1328,b1607,20151118,3337,3337,0,0,0,3337,3337,0,0,0,0,0
1329,b1607,20151119,3337,3337,0,0,0,3293,3293,-44,-44,0,0,0
1330,b1607,20151120,3293,3293,0,0,0,3287,3287,-6,-6,0,0,0
1331,b1607,20151123,3287,3287,0,0,0,3275,3275,-12,-12,0,0,0
1332,b1607,20151124,3275,3275,0,0,0,3307,3307,32,32,0,0,0
1333,b1607,20151125,3307,3307,0,0,0,3307,3307,0,0,0,0,0
1334,b1607,20151126,3307,3307,0,0,0,3280,3280,-27,-27,0,0,0
1335,b1607,20151127,3280,3280,0,0,0,3280,3280,0,0,0,0,0
1336,b1607,20151130,3280,3280,0,0,0,3205,3205,-75,-75,0,0,0
1337,b1607,20151201,3205,3205,0,0,0,3220,3220,15,15,0,0,0
1338,b1607,20151202,3220,3220,0,0,0,3231,3231,11,11,0,0,0
1339,b1607,20151203,3231,3231,0,0,0,3231,3231,0,0,0,0,0
1340,b1607,20151204,3231,3231,0,0,0,3231,3231,0,0,0,0,0
1341,b1607,20151207,3231,3231,0,0,0,3231,3231,0,0,0,0,0
1342,b1607,20151208,3231,3231,0,0,0,3231,3231,0,0,0,0,0
1343,b1607,20151209,3231,3231,0,0,0,3231,3231,0,0,0,0,0
1344,b1607,20151210,3231,3231,0,0,0,3231,3231,0,0,0,0,0
1345,b1607,20151211,3231,3231,0,0,0,3245,3245,14,14,0,0,0
1346,b1607,20151214,3245,3245,0,0,0,3245,3245,0,0,0,0,0
1347,b1607,20151215,3245,3245,0,0,0,3245,3245,0,0,0,0,0
1348,b1607,20151216,3245,3245,0,0,0,3245,3245,0,0,0,0,0
1349,b1607,20151217,3245,3245,0,0,0,3245,3245,0,0,0,0,0
1350,b1607,20151218,3245,3245,0,0,0,3245,3245,0,0,0,0,0
1351,b1607,20151221,3245,3245,0,0,0,3245,3245,0,0,0,0,0
1352,b1607,20151222,3245,3245,0,0,0,3245,3245,0,0,0,0,0
1353,b1607,20151223,3245,3245,0,0,0,3245,3245,0,0,0,0,0
1354,b1607,20151224,3245,3245,0,0,0,3245,3245,0,0,0,0,0
1355,b1607,20151225,3245,3245,0,0,0,3245,3245,0,0,0,0,0
1356,b1607,20151228,3245,3245,0,0,0,3270,3270,25,25,0,0,0
1357,b1607,20151229,3270,3270,0,0,0,3270,3270,0,0,0,0,0
1358,b1607,20151230,3270,3270,0,0,0,3270,3270,0,0,0,0,0
1359,b1607,20151231,3270,3270,0,0,0,3295,3295,25,25,0,0,0
1360,b1609,20150917,3090,3090,0,0,0,3090,3090,0,0,0,0,0
1361,b1609,20150918,3090,3090,0,0,0,3090,3090,0,0,0,0,0
1362,b1609,20150921,3090,3090,0,0,0,3090,3090,0,0,0,0,0
1363,b1609,20150922,3090,3090,0,0,0,3090,3090,0,0,0,0,0
1364,b1609,20150923,3090,3090,0,0,0,3028,3028,-62,-62,0,0,0
1365,b1609,20150924,3028,3028,0,0,0,2973,2973,-55,-55,0,0,0
1366,b1609,20150925,2973,2973,0,0,0,3090,3090,117,117,0,0,0
1367,b1609,20150928,3090,3090,0,0,0,3090,3090,0,0,0,0,0
1368,b1609,20150929,3090,3090,0,0,0,3094,3094,4,4,0,0,0
1369,b1609,20150930,3094,3094,0,0,0,3094,3094,0,0,0,0,0
1370,b1609,20151008,3094,3094,0,0,0,3093,3093,-1,-1,0,0,0
1371,b1609,20151009,3093,3093,0,0,0,3090,3090,-3,-3,0,0,0
1372,b1609,20151012,3090,3090,0,0,0,3213,3213,123,123,0,0,0
1373,b1609,20151013,3213,3213,0,0,0,3090,3090,-123,-123,0,0,0
1374,b1609,20151014,3090,3090,0,0,0,3090,3090,0,0,0,0,0
1375,b1609,20151015,3090,3090,0,0,0,3072,3072,-18,-18,0,0,0
1376,b1609,20151016,3072,3072,0,0,0,3090,3090,18,18,0,0,0
1377,b1609,20151019,3090,3090,0,0,0,2967,2967,-123,-123,0,0,0
1378,b1609,20151020,2967,2967,0,0,0,2967,2967,0,0,0,0,0
1379,b1609,20151021,2967,2967,3203,3203,2731,3077,2957,110,-10,80,2366300,0
1380,b1609,20151022,3077,2957,0,0,0,3061,3061,104,104,0,0,0
1381,b1609,20151023,3061,3061,0,0,0,3100,3100,39,39,0,0,0
1382,b1609,20151026,3100,3100,0,0,0,3100,3100,0,0,0,0,0
1383,b1609,20151027,3100,3100,0,0,0,3100,3100,0,0,0,0,0
1384,b1609,20151028,3100,3100,0,0,0,3100,3100,0,0,0,0,0
1385,b1609,20151029,3100,3100,0,0,0,3100,3100,0,0,0,0,0
1386,b1609,20151030,3100,3100,0,0,0,3100,3100,0,0,0,0,0
1387,b1609,20151102,3100,3100,0,0,0,3100,3100,0,0,0,0,0
1388,b1609,20151103,3100,3100,0,0,0,3100,3100,0,0,0,0,0
1389,b1609,20151104,3100,3100,0,0,0,3100,3100,0,0,0,0,0
1390,b1609,20151105,3100,3100,0,0,0,3100,3100,0,0,0,0,0
1391,b1609,20151106,3100,3100,0,0,0,3116,3116,16,16,0,0,0
1392,b1609,20151109,3116,3116,0,0,0,3151,3151,35,35,0,0,0
1393,b1609,20151110,3151,3151,0,0,0,3151,3151,0,0,0,0,0
1394,b1609,20151111,3151,3151,0,0,0,3153,3153,2,2,0,0,0
1395,b1609,20151112,3153,3153,0,0,0,3181,3181,28,28,0,0,0
1396,b1609,20151113,3181,3181,0,0,0,3181,3181,0,0,0,0,0
1397,b1609,20151116,3181,3181,0,0,0,3244,3244,63,63,0,0,0
1398,b1609,20151117,3244,3244,0,0,0,3244,3244,0,0,0,0,0
1399,b1609,20151118,3244,3244,0,0,0,3244,3244,0,0,0,0,0
1400,b1609,20151119,3244,3244,0,0,0,3244,3244,0,0,0,0,0
1401,b1609,20151120,3244,3244,0,0,0,3244,3244,0,0,0,0,0
1402,b1609,20151123,3244,3244,0,0,0,3244,3244,0,0,0,0,0
1403,b1609,20151124,3244,3244,0,0,0,3244,3244,0,0,0,0,0
1404,b1609,20151125,3244,3244,0,0,0,3244,3244,0,0,0,0,0
1405,b1609,20151126,3244,3244,0,0,0,3244,3244,0,0,0,0,0
1406,b1609,20151127,3244,3244,0,0,0,3244,3244,0,0,0,0,0
1407,b1609,20151130,3244,3244,0,0,0,3244,3244,0,0,0,0,0
1408,b1609,20151201,3244,3244,0,0,0,3244,3244,0,0,0,0,0
1409,b1609,20151202,3244,3244,0,0,0,3244,3244,0,0,0,0,0
1410,b1609,20151203,3244,3244,0,0,0,3244,3244,0,0,0,0,0
1411,b1609,20151204,3244,3244,0,0,0,3244,3244,0,0,0,0,0
1412,b1609,20151207,3244,3244,0,0,0,3244,3244,0,0,0,0,0
1413,b1609,20151208,3244,3244,0,0,0,3244,3244,0,0,0,0,0
1414,b1609,20151209,3244,3244,0,0,0,3244,3244,0,0,0,0,0
1415,b1609,20151210,3244,3244,0,0,0,3244,3244,0,0,0,0,0
1416,b1609,20151211,3244,3244,3115,3341,3115,3295,3261,51,17,8,260920,2
1417,b1609,20151214,3295,3261,0,0,0,3261,3261,0,0,0,0,2
1418,b1609,20151215,3261,3261,0,0,0,3261,3261,0,0,0,0,2
1419,b1609,20151216,3261,3261,0,0,0,3261,3261,0,0,0,0,2
1420,b1609,20151217,3261,3261,0,0,0,3261,3261,0,0,0,0,2
1421,b1609,20151218,3261,3261,0,0,0,3261,3261,0,0,0,0,2
1422,b1609,20151221,3261,3261,0,0,0,3261,3261,0,0,0,0,2
1423,b1609,20151222,3261,3261,0,0,0,3261,3261,0,0,0,0,2
1424,b1609,20151223,3261,3261,0,0,0,3261,3261,0,0,0,0,2
1425,b1609,20151224,3261,3261,0,0,0,3261,3261,0,0,0,0,2
1426,b1609,20151225,3261,3261,0,0,0,3261,3261,0,0,0,0,2
1427,b1609,20151228,3261,3261,0,0,0,3261,3261,0,0,0,0,2
1428,b1609,20151229,3261,3261,0,0,0,3261,3261,0,0,0,0,2
1429,b1609,20151230,3261,3261,0,0,0,3261,3261,0,0,0,0,2
1430,b1609,20151231,3261,3261,0,0,0,3261,3261,0,0,0,0,2
1431,b1611,20151116,3181,3181,0,0,0,3181,3181,0,0,0,0,0
1432,b1611,20151117,3181,3181,0,0,0,3181,3181,0,0,0,0,0
1433,b1611,20151118,3181,3181,0,0,0,3181,3181,0,0,0,0,0
1434,b1611,20151119,3181,3181,0,0,0,3181,3181,0,0,0,0,0
1435,b1611,20151120,3181,3181,0,0,0,3181,3181,0,0,0,0,0
1436,b1611,20151123,3181,3181,0,0,0,3170,3170,-11,-11,0,0,0
1437,b1611,20151124,3170,3170,0,0,0,3201,3201,31,31,0,0,0
1438,b1611,20151125,3201,3201,0,0,0,3201,3201,0,0,0,0,0
1439,b1611,20151126,3201,3201,0,0,0,3201,3201,0,0,0,0,0
1440,b1611,20151127,3201,3201,0,0,0,3201,3201,0,0,0,0,0
1441,b1611,20151130,3201,3201,0,0,0,3201,3201,0,0,0,0,0
1442,b1611,20151201,3201,3201,0,0,0,3201,3201,0,0,0,0,0
1443,b1611,20151202,3201,3201,0,0,0,3201,3201,0,0,0,0,0
1444,b1611,20151203,3201,3201,0,0,0,3201,3201,0,0,0,0,0
1445,b1611,20151204,3201,3201,0,0,0,3201,3201,0,0,0,0,0
1446,b1611,20151207,3201,3201,0,0,0,3201,3201,0,0,0,0,0
1447,b1611,20151208,3201,3201,0,0,0,3201,3201,0,0,0,0,0
1448,b1611,20151209,3201,3201,0,0,0,3201,3201,0,0,0,0,0
1449,b1611,20151210,3201,3201,0,0,0,3201,3201,0,0,0,0,0
1450,b1611,20151211,3201,3201,0,0,0,3201,3201,0,0,0,0,0
1451,b1611,20151214,3201,3201,0,0,0,3201,3201,0,0,0,0,0
1452,b1611,20151215,3201,3201,3397,3397,3037,3037,3217,-164,16,4,128680,0
1453,b1611,20151216,3037,3217,0,0,0,3217,3217,0,0,0,0,0
1454,b1611,20151217,3217,3217,0,0,0,3217,3217,0,0,0,0,0
1455,b1611,20151218,3217,3217,0,0,0,3217,3217,0,0,0,0,0
1456,b1611,20151221,3217,3217,0,0,0,3301,3301,84,84,0,0,0
1457,b1611,20151222,3301,3301,0,0,0,3301,3301,0,0,0,0,0
1458,b1611,20151223,3301,3301,0,0,0,3301,3301,0,0,0,0,0
1459,b1611,20151224,3301,3301,0,0,0,3279,3279,-22,-22,0,0,0
1460,b1611,20151225,3279,3279,3398,3398,3398,3398,3398,119,119,2,67960,2
1461,b1611,20151228,3398,3398,0,0,0,3424,3424,26,26,0,0,2
1462,b1611,20151229,3424,3424,3288,3288,3288,3288,3288,-136,-136,4,131520,4
1463,b1611,20151230,3288,3288,3224,3355,3224,3285,3288,-3,0,6,197280,4
1464,b1611,20151231,3285,3288,3358,3358,3358,3358,3358,70,70,2,67160,4
